specimen_id,species,caste,investigator,LM,scale,measurement,scale1,body,scale2,its,notes
MM190709-001,vag,W,JL,1,303.374,667.344,70.432,1256.471,69.863,265.002,
,,,,2,,200.98,,,,,
,,,,3,,886.358,,,,,
,,,,4,,63.906,,,,,
,,,,5,,30.414,,,,,
,,,,6,,568.388,,,,,
,,,,7,,90.05,,,,,
,,,,8,,226.084,,,,,
,,,,9,,53.038,,,,,
,,,,10,,89.592,,,,,
,,,,11,,597.476,,,,,
,,,,12,,82.489,,,,,
,,,,13,,935.766,,,,,
,,,,14,,189.447,,,,,
,,,,15,,132.185,,,,,
JL190809-005,vag,W,JL,1,242.195,662.05,138.378,2463.597,138.408,582.417,
,,,,2,,167.72,,,,,
,,,,3,,1015.039,,,,,
,,,,4,,61.351,,,,,
,,,,5,,21.19,,,,,
,,,,6,,661.635,,,,,
,,,,7,,91.788,,,,,
,,,,8,,221.049,,,,,
,,,,9,,51.01,,,,,
,,,,10,,74.187,,,,,
,,,,11,,612.679,,,,,
,,,,12,,86.412,,,,,
,,,,13,,1004.242,,,,,
,,,,14,,187.072,,,,,
,,,,15,,118.533,,,,,
JL190809-003,vag,W,JL,1,302.777,690.49,139.481,2278.458,136.228,560.879,
,,,,2,,205.295,,,,,
,,,,3,,952.981,,,,,
,,,,4,,74.108,,,,,
,,,,5,,28.653,,,,,
,,,,6,,650.48,,,,,
,,,,7,,95.462,,,,,
,,,,8,,223.852,,,,,
,,,,9,,56.08,,,,,
,,,,10,,96.926,,,,,
,,,,11,,681.473,,,,,
,,,,12,,94.729,,,,,
,,,,13,,973.059,,,,,
,,,,14,,208.079,,,,,
,,,,15,,157.035,,,,,
JL190716-005,vag,W,JL,1,214.777,618.466,69.93,979.423,69.004,250.545,
,,,,2,,182.275,,,,,
,,,,3,,893.253,,,,,
,,,,4,,62.514,,,,,
,,,,5,,25.02,,,,,
,,,,6,,470.532,,,,,
,,,,7,,97.862,,,,,
,,,,8,,227.021,,,,,
,,,,9,,52.202,,,,,
,,,,10,,70.403,,,,,
,,,,11,,545.22,,,,,
,,,,12,,72.705,,,,,
,,,,13,,869.454,,,,,
,,,,14,,169.753,,,,,
,,,,15,,117.444,,,,,
JL190716-003,vag,W,JL,1,299.223,635.328,70.711,1057.98,69.168,257,
,,,,2,,178.676,,,,,
,,,,3,,873.861,,,,,
,,,,4,,63.063,,,,,
,,,,5,,28.636,,,,,
,,,,6,,518.172,,,,,
,,,,7,,95.336,,,,,
,,,,8,,232.558,,,,,
,,,,9,,57.245,,,,,
,,,,10,,85.238,,,,,
,,,,11,,574.638,,,,,
,,,,12,,78.627,,,,,
,,,,13,,832.004,,,,,
,,,,14,,179.388,,,,,
,,,,15,,121.926,,,,,
JL190710-001,vag,W,JL,1,254.726,649.705,71.203,1473.545,70.261,310.644,
,,,,2,,198.58,,,,,
,,,,3,,916.872,,,,,
,,,,4,,67.602,,,,,
,,,,5,,28.16,,,,,
,,,,6,,575.71,,,,,
,,,,7,,91.761,,,,,
,,,,8,,238.546,,,,,
,,,,9,,63.561,,,,,
,,,,10,,83.262,,,,,
,,,,11,,592.22,,,,,
,,,,12,,86.071,,,,,
,,,,13,,895.402,,,,,
,,,,14,,172.026,,,,,
,,,,15,,122.147,,,,,
JL190703-004,vag,W,JL,1,300.269,681.754,69.39,1162.612,69.721,300.167,
,,,,2,,217.479,,,,,
,,,,3,,946.54,,,,,
,,,,4,,66.4,,,,,
,,,,5,,37.014,,,,,
,,,,6,,610.234,,,,,
,,,,7,,105.759,,,,,
,,,,8,,234.635,,,,,
,,,,9,,60.877,,,,,
,,,,10,,88.649,,,,,
,,,,11,,658.174,,,,,
,,,,12,,69.487,,,,,
,,,,13,,934.547,,,,,
,,,,14,,204.01,,,,,
,,,,15,,146.711,,,,,
JL190703-002,vag,W,JL,1,307.639,646.734,68.362,1163.95,69.995,259.106,
,,,,2,,210.44,,,,,
,,,,3,,919.679,,,,,
,,,,4,,69.778,,,,,
,,,,5,,29.833,,,,,
,,,,6,,596.915,,,,,
,,,,7,,102.24,,,,,
,,,,8,,225.584,,,,,
,,,,9,,63.388,,,,,
,,,,10,,93.867,,,,,
,,,,11,,598.339,,,,,
,,,,12,,106.417,,,,,
,,,,13,,908.609,,,,,
,,,,14,,194.165,,,,,
,,,,15,,131.746,,,,,
FJ190827-004,vag,W,JL,1,207.307,630.074,138.481,2880.992,140.676,644.023,
,,,,2,,168.76,,,,,
,,,,3,,985.699,,,,,
,,,,4,,55.082,,,,,
,,,,5,,22.204,,,,,
,,,,6,,669.245,,,,,
,,,,7,,91.706,,,,,
,,,,8,,222.639,,,,,
,,,,9,,45.88,,,,,
,,,,10,,NA,,,,,
,,,,11,,589.612,,,,,
,,,,12,,63.96,,,,,
,,,,13,,968.189,,,,,
,,,,14,,168.345,,,,,
,,,,15,,133.094,,,,,
FJ190827-003,vag,W,JL,1,213.27,655.229,139.007,2722.257,138.199,653.449,
,,,,2,,171.234,,,,,
,,,,3,,1066.345,,,,,
,,,,4,,59.908,,,,,
,,,,5,,26.077,,,,,
,,,,6,,637.043,,,,,
,,,,7,,95.189,,,,,
,,,,8,,229.884,,,,,
,,,,9,,51.088,,,,,
,,,,10,,62.858,,,,,
,,,,11,,599.061,,,,,
,,,,12,,86.565,,,,,
,,,,13,,959.434,,,,,
,,,,14,,170.309,,,,,
,,,,15,,119.57,,,,,
FJ190827-001,vag,W,JL,1,252.446,766.061,138.7,2790.819,140.252,639.253,redo base
,,,,2,,225.471,,,,,
,,,,3,,1230.209,,,,,
,,,,4,,67.535,,,,,
,,,,5,,30,,,,,
,,,,6,,775.326,,,,,
,,,,7,,108.259,,,,,
,,,,8,,266.812,,,,,
,,,,9,,60,,,,,
,,,,10,,65.083,,,,,
,,,,11,,738.434,,,,,
,,,,12,,95.215,,,,,
,,,,13,,1177.681,,,,,
,,,,14,,205.056,,,,,
,,,,15,,152.738,,,,,
FJ190716-010,vag,W,JL,1,255.676,658.335,68.132,1446.867,68.602,313.439,
,,,,2,,194.064,,,,,
,,,,3,,970.189,,,,,
,,,,4,,61.131,,,,,
,,,,5,,25.318,,,,,
,,,,6,,620.883,,,,,
,,,,7,,97.509,,,,,
,,,,8,,234.4,,,,,
,,,,9,,58.181,,,,,
,,,,10,,88.653,,,,,
,,,,11,,617.948,,,,,
,,,,12,,60.882,,,,,
,,,,13,,977.652,,,,,
,,,,14,,181.218,,,,,
,,,,15,,124.016,,,,,
FJ190716-003,vag,W,JL,1,256.323,610.02,68.98,1141.602,69.453,282.899,
,,,,2,,185.946,,,,,
,,,,3,,882.956,,,,,
,,,,4,,61.392,,,,,
,,,,5,,26.306,,,,,
,,,,6,,548.951,,,,,
,,,,7,,98.229,,,,,
,,,,8,,235.48,,,,,
,,,,9,,51.225,,,,,
,,,,10,,89.364,,,,,
,,,,11,,560.803,,,,,
,,,,12,,86.177,,,,,
,,,,13,,866.987,,,,,
,,,,14,,178.37,,,,,
,,,,15,,125.3,,,,,
FJ190709-011,vag,W,JL,1,263.093,662.157,69.452,1569.077,69.409,298.965,
,,,,2,,195.494,,,,,
,,,,3,,979.892,,,,,
,,,,4,,67.683,,,,,
,,,,5,,32,,,,,
,,,,6,,604.567,,,,,
,,,,7,,110.168,,,,,
,,,,8,,246.126,,,,,
,,,,9,,66.008,,,,,
,,,,10,,93.263,,,,,
,,,,11,,610.237,,,,,
,,,,12,,95.365,,,,,
,,,,13,,950.617,,,,,
,,,,14,,216.19,,,,,
,,,,15,,153.883,,,,,
FJ190709-001,vag,W,JL,1,307.724,716.308,69.697,1304.099,69.012,284.113,vag all has hairy tips
,,,,2,,201.95,,,,,
,,,,3,,927.646,,,,,
,,,,4,,69.065,,,,,
,,,,5,,25.298,,,,,
,,,,6,,608.573,,,,,
,,,,7,,101.193,,,,,
,,,,8,,205.684,,,,,
,,,,9,,61.27,,,,,
,,,,10,,78.273,,,,,
,,,,11,,644.252,,,,,
,,,,12,,100.805,,,,,
,,,,13,,993.642,,,,,
,,,,14,,197.307,,,,,
,,,,15,,152.555,,,,,
FJ190703-012,vag,W,,1,296.436,720.139,68.633,1304.025,69.77,319.681,
,,,,2,,223.305,,,,,
,,,,3,,1032.581,,,,,
,,,,4,,70.937,,,,,
,,,,5,,35.468,,,,,
,,,,6,,655.015,,,,,
,,,,7,,98.813,,,,,
,,,,8,,249.201,,,,,
,,,,9,,68.964,,,,,
,,,,10,,89.658,,,,,
,,,,11,,655.278,,,,,
,,,,12,,145.634,,,,,
,,,,13,,1013.134,,,,,
,,,,14,,227.844,,,,,
,,,,15,,171.231,,,,,
FJ190703-009,vag,W,JL,1,308.603,747.262,68.476,1316.082,70.007,315.417,
,,,,2,,239.24,,,,,
,,,,3,,1075.13,,,,,
,,,,4,,71.805,,,,,
,,,,5,,34.015,,,,,
,,,,6,,648.007,,,,,
,,,,7,,117.614,,,,,
,,,,8,,274.591,,,,,
,,,,9,,64.125,,,,,
,,,,10,,95.846,,,,,
,,,,11,,661.436,,,,,
,,,,12,,123.407,,,,,
,,,,13,,1053.294,,,,,
,,,,14,,222.497,,,,,
,,,,15,,152.594,,,,,
FJ190703-002,vag,W,JL,1,306.894,688.941,68.805,1152.98,69.023,279.27,
,,,,2,,211.549,,,,,
,,,,3,,959.748,,,,,
,,,,4,,73.926,,,,,
,,,,5,,36.892,,,,,
,,,,6,,541.673,,,,,
,,,,7,,103.817,,,,,
,,,,8,,229.654,,,,,
,,,,9,,67.119,,,,,
,,,,10,,96.914,,,,,
,,,,11,,622.384,,,,,
,,,,12,,95.104,,,,,
,,,,13,,948.116,,,,,
,,,,14,,214.758,,,,,
,,,,15,,153.405,,,,,
FJ190628-002,vag,W,JL,1,314.17,702.684,70.082,1264.767,70.315,327.377,
,,,,2,,248.974,,,,,
,,,,3,,887.004,,,,,
,,,,4,,75.538,,,,,
,,,,5,,35.228,,,,,
,,,,6,,511.258,,,,,
,,,,7,,107.49,,,,,
,,,,8,,243.499,,,,,
,,,,9,,74.027,,,,,
,,,,10,,104.048,,,,,
,,,,11,,634.505,,,,,
,,,,12,,85.156,,,,,
,,,,13,,906.802,,,,,
,,,,14,,231.234,,,,,
,,,,15,,174.347,,,,,
DRA190709-014,vag,W,JL,1,310.424,635.901,71.049,1095.73,71.005,270.969,
,,,,2,,194.517,,,,,
,,,,3,,899.782,,,,,
,,,,4,,63.348,,,,,
,,,,5,,29.017,,,,,
,,,,6,,623.302,,,,,
,,,,7,,103.774,,,,,
,,,,8,,231.251,,,,,
,,,,9,,55.606,,,,,
,,,,10,,NA,,,,,
,,,,11,,623.785,,,,,
,,,,12,,91.449,,,,,
,,,,13,,938.231,,,,,
,,,,14,,187.11,,,,,
,,,,15,,131.015,,,,,
DRA190709-008,vag,W,JL,1,308.982,698.355,68.843,1247.938,69.087,280.179,
,,,,2,,202.121,,,,,
,,,,3,,971.819,,,,,
,,,,4,,70.349,,,,,
,,,,5,,31.257,,,,,
,,,,6,,603.566,,,,,
,,,,7,,111.234,,,,,
,,,,8,,233.39,,,,,
,,,,9,,51.108,,,,,
,,,,10,,99.758,,,,,
,,,,11,,637.737,,,,,
,,,,12,,105.202,,,,,
,,,,13,,964.498,,,,,
,,,,14,,203.961,,,,,
,,,,15,,143.265,,,,,
DRA190709-006,vag,W,JL,1,316.123,674.277,69.355,1192.078,69.408,289.8,
,,,,2,,209.304,,,,,
,,,,3,,891.147,,,,,
,,,,4,,67.201,,,,,
,,,,5,,29.833,,,,,
,,,,6,,575.945,,,,,
,,,,7,,113.031,,,,,
,,,,8,,235.553,,,,,
,,,,9,,76.158,,,,,
,,,,10,,89.817,,,,,
,,,,11,,610.052,,,,,
,,,,12,,84.756,,,,,
,,,,13,,918.087,,,,,
,,,,14,,196.621,,,,,
,,,,15,,142.436,,,,,
FJ190815-005,vag,W,JL,1,257.496,717.296,71.721,1286.349,69.57,318.308,
,,,,2,,186.188,,,,,
,,,,3,,1104.527,,,,,
,,,,4,,64.537,,,,,
,,,,5,,21,,,,,
,,,,6,,728.884,,,,,
,,,,7,,98.489,,,,,
,,,,8,,248.45,,,,,
,,,,9,,55.009,,,,,
,,,,10,,81.689,,,,,
,,,,11,,657.983,,,,,
,,,,12,,60.057,,,,,
,,,,13,,1082.556,,,,,
,,,,14,,200.142,,,,,
,,,,15,,137.713,,,,,
FJ190815-001,vag,W,JL,1,199.56,556.163,70.46,1286.223,69.539,291.65,
,,,,2,,135.3,,,,,
,,,,3,,818.355,,,,,
,,,,4,,46.39,,,,,
,,,,5,,20.591,,,,,
,,,,6,,541.181,,,,,
,,,,7,,82.638,,,,,
,,,,8,,191.079,,,,,
,,,,9,,44.643,,,,,
,,,,10,,67.684,,,,,
,,,,11,,483.624,,,,,
,,,,12,,46.636,,,,,
,,,,13,,808.596,,,,,
,,,,14,,122.381,,,,,
,,,,15,,98.082,,,,,
JL190703-001,vag,Q,JL,1,206.998,612.794,68.681,1501.326,69.014,358.151,
,,,,2,,195.351,,,,,
,,,,3,,855.032,,,,,
,,,,4,,56.569,,,,,
,,,,5,,29.155,,,,,
,,,,6,,559.444,,,,,
,,,,7,,89.944,,,,,
,,,,8,,211.395,,,,,
,,,,9,,45.891,,,,,
,,,,10,,79.959,,,,,
,,,,11,,547.883,,,,,
,,,,12,,88.256,,,,,
,,,,13,,847.96,,,,,
,,,,14,,178.011,,,,,
,,,,15,,140.057,,,,,
FJ190703-004,vag,Q,JL,1,209.544,607.674,68.688,1478.55,69.357,379.352,
,,,,2,,188.597,,,,,
,,,,3,,900.562,,,,,
,,,,4,,58.592,,,,,
,,,,5,,29.155,,,,,
,,,,6,,601.123,,,,,
,,,,7,,105.437,,,,,
,,,,8,,217.72,,,,,
,,,,9,,51.662,,,,,
,,,,10,,86.833,,,,,
,,,,11,,587.225,,,,,
,,,,12,,74.511,,,,,
,,,,13,,879.692,,,,,
,,,,14,,178.466,,,,,
,,,,15,,137.641,,,,,
FJ190703-004,vag,Q,JL,1,209.599,616.007,68.238,1652.899,69.084,381.518,
,,,,2,,195.74,,,,,
,,,,3,,899.462,,,,,
,,,,4,,56.859,,,,,
,,,,5,,28.862,,,,,
,,,,6,,592.083,,,,,
,,,,7,,99.182,,,,,
,,,,8,,205.442,,,,,
,,,,9,,53.367,,,,,
,,,,10,,86.748,,,,,
,,,,11,,593.9,,,,,
,,,,12,,79.961,,,,,
,,,,13,,877.925,,,,,
,,,,14,,181.408,,,,,
,,,,15,,142.127,,,,,
JL190806-001,vag,M,JL,1,218.913,631.348,139.817,2631.962,138.833,702.026,
,,,,2,,147.105,,,,,
,,,,3,,984.445,,,,,
,,,,4,,52.498,,,,,
,,,,5,,22.204,,,,,
,,,,6,,666.651,,,,,
,,,,7,,67,,,,,
,,,,8,,200.489,,,,,
,,,,9,,37.054,,,,,
,,,,10,,61.697,,,,,
,,,,11,,586.533,,,,,
,,,,12,,83.084,,,,,
,,,,13,,937.33,,,,,
,,,,14,,174.27,,,,,
,,,,15,,125.766,,,,,
JL190628-006,terri,W,JL,1,308.676,681.704,69.316,1411.882,68.609,341.977,
,,,,2,,235.765,,,,,
,,,,3,,850.632,,,,,
,,,,4,,75.326,,,,,
,,,,5,,31.064,,,,,
,,,,6,,534.628,,,,,
,,,,7,,123,,,,,
,,,,8,,210.521,,,,,
,,,,9,,69.08,,,,,
,,,,10,,89.071,,,,,
,,,,11,,591.646,,,,,
,,,,12,,95.195,,,,,
,,,,13,,872.992,,,,,
,,,,14,,197.649,,,,,
,,,,15,,171.172,,,,,
JL190628-002,terri,W,JL,1,301.709,655.915,71.169,1092.841,69.276,270.681,
,,,,2,,208.096,,,,,
,,,,3,,919.939,,,,,
,,,,4,,69.376,,,,,
,,,,5,,35.903,,,,,
,,,,6,,607.937,,,,,
,,,,7,,112.45,,,,,
,,,,8,,232.25,,,,,
,,,,9,,65.307,,,,,
,,,,10,,102.314,,,,,
,,,,11,,636.84,,,,,
,,,,12,,79.31,,,,,
,,,,13,,931.934,,,,,
,,,,14,,211.256,,,,,
,,,,15,,147.031,,,,,
JL190619-008,terri,W,JL,1,303.292,670.126,68.849,1305.299,69.561,273.748,
,,,,2,,235.172,,,,,
,,,,3,,910.614,,,,,
,,,,4,,72.25,,,,,
,,,,5,,30.15,,,,,
,,,,6,,509.547,,,,,
,,,,7,,106.532,,,,,
,,,,8,,236.696,,,,,
,,,,9,,76.688,,,,,
,,,,10,,94.644,,,,,
,,,,11,,611.923,,,,,
,,,,12,,110.303,,,,,
,,,,13,,852.96,,,,,
,,,,14,,208.691,,,,,
,,,,15,,138.924,,,,,
FJ190628-001,terri,W,JL,1,312.21,706.785,69.678,1172.308,70.23,344.244,
,,,,2,,222.122,,,,,
,,,,3,,878.798,,,,,
,,,,4,,84.095,,,,,
,,,,5,,32.757,,,,,
,,,,6,,510.807,,,,,
,,,,7,,121.05,,,,,
,,,,8,,232.829,,,,,
,,,,9,,77.878,,,,,
,,,,10,,105.425,,,,,
,,,,11,,620.906,,,,,
,,,,12,,85.095,,,,,
,,,,13,,884.598,,,,,
,,,,14,,233,,,,,
,,,,15,,142.79,,,,,
FJ190619-009,terri,W,JL,1,304.862,687.968,70.336,1279.61,67.524,330.055,
,,,,2,,236.358,,,,,
,,,,3,,939.506,,,,,
,,,,4,,76.105,,,,,
,,,,5,,31.016,,,,,
,,,,6,,549.242,,,,,
,,,,7,,128.098,,,,,
,,,,8,,261.301,,,,,
,,,,9,,71.568,,,,,
,,,,10,,96.197,,,,,
,,,,11,,627.376,,,,,
,,,,12,,88.934,,,,,
,,,,13,,914.368,,,,,
,,,,14,,235.281,,,,,
,,,,15,,140.161,,,,,
JL190809-007,tern,W,JL,1,349.307,692.765,140.375,1885.739,137.233,466.21,
,,,,2,,219.572,,,,,
,,,,3,,923.621,,,,,
,,,,4,,76.217,,,,,
,,,,5,,24.187,,,,,
,,,,6,,622.084,,,,,
,,,,7,,107.331,,,,,
,,,,8,,236.561,,,,,
,,,,9,,63.53,,,,,
,,,,10,,77.92,,,,,
,,,,11,,662.507,,,,,
,,,,12,,81.304,,,,,
,,,,13,,876.91,,,,,
,,,,14,,217.332,,,,,
,,,,15,,144.045,,,,,
JL190809-006,tern,W,JL,1,303.366,695.354,137.621,2391.911,138.48,538.917,
,,,,2,,219.365,,,,,
,,,,3,,862.375,,,,,
,,,,4,,70.178,,,,,
,,,,5,,34.059,,,,,
,,,,6,,601.808,,,,,
,,,,7,,113.04,,,,,
,,,,8,,225.557,,,,,
,,,,9,,65,,,,,
,,,,10,,88.449,,,,,
,,,,11,,626.154,,,,,
,,,,12,,91.913,,,,,
,,,,13,,911.9,,,,,
,,,,14,,207.858,,,,,
,,,,15,,142.042,,,,,
JL190809-004,tern,W,JL,1,304.408,630.971,140.196,2115.948,137.551,511.278,
,,,,2,,191.377,,,,,
,,,,3,,850.928,,,,,
,,,,4,,67.683,,,,,
,,,,5,,27.295,,,,,
,,,,6,,566.032,,,,,
,,,,7,,89.006,,,,,
,,,,8,,201.269,,,,,
,,,,9,,62.129,,,,,
,,,,10,,85.314,,,,,
,,,,11,,577.257,,,,,
,,,,12,,83.095,,,,,
,,,,13,,846.856,,,,,
,,,,14,,189.011,,,,,
,,,,15,,139.778,,,,,
JL190809-002,tern,W,JL,1,317.44,656.531,140.257,2334.349,139.014,534.135,
,,,,2,,190.444,,,,,
,,,,3,,870.17,,,,,
,,,,4,,66.483,,,,,
,,,,5,,31.064,,,,,
,,,,6,,587.021,,,,,
,,,,7,,82.861,,,,,
,,,,8,,202.094,,,,,
,,,,9,,49.649,,,,,
,,,,10,,73.177,,,,,
,,,,11,,622.097,,,,,
,,,,12,,94.639,,,,,
,,,,13,,879.856,,,,,
,,,,14,,198.116,,,,,
,,,,15,,146.874,,,,,
JL190809-001,tern,W,JL,1,302.609,601.761,139.022,1958.531,139.508,494.773,
,,,,2,,198.162,,,,,
,,,,3,,843.014,,,,,
,,,,4,,59.135,,,,,
,,,,5,,22.091,,,,,
,,,,6,,530.479,,,,,
,,,,7,,93.059,,,,,
,,,,8,,200.692,,,,,
,,,,9,,56.223,,,,,
,,,,10,,85.297,,,,,
,,,,11,,554.963,,,,,
,,,,12,,81.359,,,,,
,,,,13,,800.988,,,,,
,,,,14,,201.022,,,,,
,,,,15,,144.534,,,,,
JL190724-002,tern,W,JL,1,158.521,376.135,70.142,1069.822,68.86,304.041,
,,,,2,,114.004,,,,,
,,,,3,,493.2,,,,,
,,,,4,,30.806,,,,,
,,,,5,,19.416,,,,,
,,,,6,,319.782,,,,,
,,,,7,,48.836,,,,,
,,,,8,,118.615,,,,,
,,,,9,,33.541,,,,,
,,,,10,,46.343,,,,,
,,,,11,,325.776,,,,,
,,,,12,,44.713,,,,,
,,,,13,,475.103,,,,,
,,,,14,,101.074,,,,,
,,,,15,,78.772,,,,,
JL190716-009,tern,W,JL,1,306.727,535.412,68.771,1386.763,68.16,330.097,
,,,,2,,155.206,,,,,
,,,,3,,629.157,,,,,
,,,,4,,52.038,,,,,
,,,,5,,22.023,,,,,
,,,,6,,397.743,,,,,
,,,,7,,79.31,,,,,
,,,,8,,150.431,,,,,
,,,,9,,48.765,,,,,
,,,,10,,76.183,,,,,
,,,,11,,478.525,,,,,
,,,,12,,65.743,,,,,
,,,,13,,663.672,,,,,
,,,,14,,164.347,,,,,
,,,,15,,112.219,,,,,
JL190716-008,tern,W,JL,1,298.031,612.04,68.542,1082.99,69.69,277.626,
,,,,2,,204.002,,,,,
,,,,3,,841.471,,,,,
,,,,4,,63.127,,,,,
,,,,5,,27.893,,,,,
,,,,6,,496.667,,,,,
,,,,7,,103.697,,,,,
,,,,8,,205.663,,,,,
,,,,9,,65,,,,,
,,,,10,,88.815,,,,,
,,,,11,,560.659,,,,,
,,,,12,,86.451,,,,,
,,,,13,,842.005,,,,,
,,,,14,,196.759,,,,,
,,,,15,,133.959,,,,,
JL190716-007,tern,W,JL,1,311.634,587.001,70.004,1132.297,69.396,242.668,
,,,,2,,196.092,,,,,
,,,,3,,765.424,,,,,
,,,,4,,66.008,,,,,
,,,,5,,25.318,,,,,
,,,,6,,485.42,,,,,
,,,,7,,99.81,,,,,
,,,,8,,203.119,,,,,
,,,,9,,64.475,,,,,
,,,,10,,75.43,,,,,
,,,,11,,573.349,,,,,
,,,,12,,69.704,,,,,
,,,,13,,803.577,,,,,
,,,,14,,188.521,,,,,
,,,,15,,135.518,,,,,
JL190711-001,tern,W,JL,1,298.651,630.8,72.084,1193.294,67.851,248.652,
,,,,2,,205.65,,,,,
,,,,3,,828.674,,,,,
,,,,4,,68.066,,,,,
,,,,5,,26.019,,,,,
,,,,6,,525.809,,,,,
,,,,7,,102.859,,,,,
,,,,8,,209.766,,,,,
,,,,9,,59.059,,,,,
,,,,10,,78.971,,,,,
,,,,11,,584.572,,,,,
,,,,12,,109.541,,,,,
,,,,13,,855.047,,,,,
,,,,14,,189.13,,,,,
,,,,15,,127.906,,,,,
JL190628-001,tern,W,JL,1,313.132,683.085,70.879,1148.576,68.843,266.608,
,,,,2,,206.32,,,,,
,,,,3,,932.528,,,,,
,,,,4,,63.891,,,,,
,,,,5,,28.16,,,,,
,,,,6,,592.982,,,,,
,,,,7,,105.948,,,,,
,,,,8,,223.859,,,,,
,,,,9,,64.761,,,,,
,,,,10,,92.615,,,,,
,,,,11,,611.71,,,,,
,,,,12,,90.883,,,,,
,,,,13,,910.394,,,,,
,,,,14,,199.73,,,,,
,,,,15,,135.181,,,,,
JL190619-010,tern,W,JL,1,310.215,663.934,69.216,1173.754,69.767,285.237,
,,,,2,,208.586,,,,,
,,,,3,,869.348,,,,,
,,,,4,,66.611,,,,,
,,,,5,,35.228,,,,,
,,,,6,,537.24,,,,,
,,,,7,,105.948,,,,,
,,,,8,,235.287,,,,,
,,,,9,,61.465,,,,,
,,,,10,,80.24,,,,,
,,,,11,,600.101,,,,,
,,,,12,,81.019,,,,,
,,,,13,,903.65,,,,,
,,,,14,,201.586,,,,,
,,,,15,,134.373,,,,,
JL190619-007,tern,W,JL,1,312.941,704.64,70.678,1228.243,71.118,292.062,
,,,,2,,211.284,,,,,
,,,,3,,950.171,,,,,
,,,,4,,74.216,,,,,
,,,,5,,36,,,,,
,,,,6,,592.612,,,,,
,,,,7,,116.842,,,,,
,,,,8,,228.54,,,,,
,,,,9,,68.25,,,,,
,,,,10,,86.006,,,,,
,,,,11,,617.279,,,,,
,,,,12,,81.193,,,,,
,,,,13,,886.083,,,,,
,,,,14,,207.473,,,,,
,,,,15,,119.004,,,,,
JL190619-002,tern,W,JL,1,312.577,676.145,71.697,1252.535,70.39,283.132,
,,,,2,,192.585,,,,,
,,,,3,,851.856,,,,,
,,,,4,,72.125,,,,,
,,,,5,,37.363,,,,,
,,,,6,,531.292,,,,,
,,,,7,,117.388,,,,,
,,,,8,,220.274,,,,,
,,,,9,,62.514,,,,,
,,,,10,,84.889,,,,,
,,,,11,,599.921,,,,,
,,,,12,,82.416,,,,,
,,,,13,,839.624,,,,,
,,,,14,,209.659,,,,,
,,,,15,,175.824,,,,,
JL190619-001,tern,W,JL,1,316.574,694.855,70.214,1245.53,70.01,298.429,
,,,,2,,206.642,,,,,
,,,,3,,941.518,,,,,
,,,,4,,70.029,,,,,
,,,,5,,31.575,,,,,
,,,,6,,546.078,,,,,
,,,,7,,117.324,,,,,
,,,,8,,239.731,,,,,
,,,,9,,71.169,,,,,
,,,,10,,90.618,,,,,
,,,,11,,635.059,,,,,
,,,,12,,98.316,,,,,
,,,,13,,932.065,,,,,
,,,,14,,215,,,,,
,,,,15,,141.287,,,,,
FJ190827-019,tern,W,JL,1,307.551,696.382,139.561,2556.215,137.975,586.299,
,,,,2,,232.723,,,,,
,,,,3,,953.996,,,,,
,,,,4,,67.446,,,,,
,,,,5,,24.515,,,,,
,,,,6,,626.209,,,,,
,,,,7,,99.081,,,,,
,,,,8,,214.923,,,,,
,,,,9,,60.531,,,,,
,,,,10,,90.227,,,,,
,,,,11,,627.214,,,,,
,,,,12,,101.688,,,,,
,,,,13,,986.221,,,,,
,,,,14,,219.538,,,,,
,,,,15,,144.544,,,,,
FJ190827-018,tern,W,JL,1,315.608,746.619,139.818,2553.3,139.512,628.001,
,,,,2,,220.127,,,,,
,,,,3,,973.84,,,,,
,,,,4,,70.228,,,,,
,,,,5,,35.468,,,,,
,,,,6,,637.755,,,,,
,,,,7,,107.564,,,,,
,,,,8,,225.219,,,,,
,,,,9,,59.54,,,,,
,,,,10,,77.776,,,,,
,,,,11,,674.585,,,,,
,,,,12,,63.348,,,,,
,,,,13,,969.589,,,,,
,,,,14,,206.497,,,,,
,,,,15,,163.478,,,,,
FJ190809-014,tern,W,JL,1,321.362,664.012,141.839,1966.261,138.087,527.496,
,,,,2,,220.554,,,,,
,,,,3,,897.89,,,,,
,,,,4,,66.573,,,,,
,,,,5,,26.833,,,,,
,,,,6,,588.725,,,,,
,,,,7,,99.93,,,,,
,,,,8,,209.14,,,,,
,,,,9,,62.394,,,,,
,,,,10,,90.698,,,,,
,,,,11,,594.584,,,,,
,,,,12,,97.818,,,,,
,,,,13,,894.609,,,,,
,,,,14,,198.285,,,,,
,,,,15,,144.941,,,,,
FJ190809-013,tern,W,JL,1,314.551,654.404,139.843,1942.414,91.926,474.489,
,,,,2,,205.407,,,,,
,,,,3,,877.53,,,,,
,,,,4,,67,,,,,
,,,,5,,28.16,,,,,
,,,,6,,565.841,,,,,
,,,,7,,95.718,,,,,
,,,,8,,218.974,,,,,
,,,,9,,61.612,,,,,
,,,,10,,92.878,,,,,
,,,,11,,604.156,,,,,
,,,,12,,99.074,,,,,
,,,,13,,883.905,,,,,
,,,,14,,203.59,,,,,
,,,,15,,138.463,,,,,
FJ190809-010,tern,W,JL,1,323.063,665.652,139.445,2050.012,137.461,568.148,
,,,,2,,218.083,,,,,
,,,,3,,881.998,,,,,
,,,,4,,70.576,,,,,
,,,,5,,31.064,,,,,
,,,,6,,575.332,,,,,
,,,,7,,108.853,,,,,
,,,,8,,205.984,,,,,
,,,,9,,57.94,,,,,
,,,,10,,78.145,,,,,
,,,,11,,606.012,,,,,
,,,,12,,92.4,,,,,
,,,,13,,923.328,,,,,
,,,,14,,221.163,,,,,
,,,,15,,150.213,,,,,
FJ190809-012,tern,W,JL,1,298.955,611.703,137.285,1983.944,139.272,515.197,
,,,,2,,207.461,,,,,
,,,,3,,847.886,,,,,
,,,,4,,64.327,,,,,
,,,,5,,23.77,,,,,
,,,,6,,574.241,,,,,
,,,,7,,87.207,,,,,
,,,,8,,200.809,,,,,
,,,,9,,58.009,,,,,
,,,,10,,86.15,,,,,
,,,,11,,554.704,,,,,
,,,,12,,76.238,,,,,
,,,,13,,902.268,,,,,
,,,,14,,188.215,,,,,
,,,,15,,138,,,,,
FJ190809-009,tern,W,JL,1,315.232,637.1,140.021,1752.165,139.58,484.228,
,,,,2,,213.476,,,,,
,,,,3,,845.055,,,,,
,,,,4,,72.111,,,,,
,,,,5,,30.083,,,,,
,,,,6,,531.208,,,,,
,,,,7,,95.258,,,,,
,,,,8,,212.449,,,,,
,,,,9,,61.205,,,,,
,,,,10,,65.923,,,,,
,,,,11,,570.317,,,,,
,,,,12,,67.148,,,,,
,,,,13,,832.238,,,,,
,,,,14,,201.246,,,,,
,,,,15,,131.856,,,,,
FJ190809-008,tern,W,JL,1,303.467,631.589,141.391,1925.56,138.668,564.391,
,,,,2,,198.645,,,,,
,,,,3,,871.478,,,,,
,,,,4,,65.123,,,,,
,,,,5,,28.636,,,,,
,,,,6,,495.556,,,,,
,,,,7,,97.082,,,,,
,,,,8,,214.698,,,,,
,,,,9,,65.307,,,,,
,,,,10,,85.326,,,,,
,,,,11,,570.884,,,,,
,,,,12,,73.711,,,,,
,,,,13,,873.053,,,,,
,,,,14,,185.003,,,,,
,,,,15,,127.44,,,,,
FJ190809-006,tern,W,JL,1,306.55,646.607,139.531,2085.512,139.675,594.47,
,,,,2,,205.387,,,,,
,,,,3,,900.374,,,,,
,,,,4,,68.425,,,,,
,,,,5,,38.639,,,,,
,,,,6,,532.264,,,,,
,,,,7,,103.31,,,,,
,,,,8,,226.74,,,,,
,,,,9,,52.773,,,,,
,,,,10,,59.559,,,,,
,,,,11,,602.682,,,,,
,,,,12,,64.721,,,,,
,,,,13,,854.365,,,,,
,,,,14,,192.837,,,,,
,,,,15,,136.195,,,,,
FJ190809-005,tern,W,JL,1,308.914,656.299,141.834,2242.16,138.061,585.713,
,,,,2,,208.173,,,,,
,,,,3,,894.376,,,,,
,,,,4,,72.56,,,,,
,,,,5,,30.676,,,,,
,,,,6,,518.631,,,,,
,,,,7,,101.119,,,,,
,,,,8,,215.062,,,,,
,,,,9,,60.208,,,,,
,,,,10,,87.642,,,,,
,,,,11,,596.297,,,,,
,,,,12,,96.181,,,,,
,,,,13,,843.208,,,,,
,,,,14,,204.267,,,,,
,,,,15,,136.195,,,,,
FJ190809-004,tern,W,JL,1,305.16,614.138,139.331,2156.307,135.552,555.81,
,,,,2,,203.421,,,,,
,,,,3,,802.217,,,,,
,,,,4,,61.188,,,,,
,,,,5,,25.02,,,,,
,,,,6,,489.543,,,,,
,,,,7,,102,,,,,
,,,,8,,195.586,,,,,
,,,,9,,53.009,,,,,
,,,,10,,68.573,,,,,
,,,,11,,568.384,,,,,
,,,,12,,81.077,,,,,
,,,,13,,809.076,,,,,
,,,,14,,189.708,,,,,
,,,,15,,124.064,,,,,
FJ190809-002,tern,W,JL,1,307.445,578.498,138.712,1928.774,140.444,465.145,
,,,,2,,214.037,,,,,
,,,,3,,802.764,,,,,
,,,,4,,60.017,,,,,
,,,,5,,30.067,,,,,
,,,,6,,515.155,,,,,
,,,,7,,88.278,,,,,
,,,,8,,188.499,,,,,
,,,,9,,53.759,,,,,
,,,,10,,75.628,,,,,
,,,,11,,540.12,,,,,
,,,,12,,62.143,,,,,
,,,,13,,786.315,,,,,
,,,,14,,185.564,,,,,
,,,,15,,128.25,,,,,
FJ190716-011,tern,W,JL,1,301.946,643.758,68.706,1126.408,68.007,274.765,
,,,,2,,188.733,,,,,
,,,,3,,832.003,,,,,
,,,,4,,72.367,,,,,
,,,,5,,26.019,,,,,
,,,,6,,556.121,,,,,
,,,,7,,94.726,,,,,
,,,,8,,207.373,,,,,
,,,,9,,66.287,,,,,
,,,,10,,83.996,,,,,
,,,,11,,587.603,,,,,
,,,,12,,98.498,,,,,
,,,,13,,864.442,,,,,
,,,,14,,211.021,,,,,
,,,,15,,137.033,,,,,
FJ190827-017,tern,W,JL,1,316.074,718.416,141.324,2416.567,139.012,574.913,
,,,,2,,211.367,,,,,
,,,,3,,990.527,,,,,
,,,,4,,70.093,,,,,
,,,,5,,36.235,,,,,
,,,,6,,624.159,,,,,
,,,,7,,121.297,,,,,
,,,,8,,241.753,,,,,
,,,,9,,72.007,,,,,
,,,,10,,NA,,,,,
,,,,11,,663.641,,,,,
,,,,12,,83.245,,,,,
,,,,13,,967.386,,,,,
,,,,14,,220.422,,,,,
,,,,15,,165.759,,,,,
FJ190716-001,tern,W,JL,1,311.29,652.406,68.198,1080.525,68.037,274.925,
,,,,2,,196.573,,,,,
,,,,3,,858.477,,,,,
,,,,4,,64.938,,,,,
,,,,5,,29.428,,,,,
,,,,6,,542.432,,,,,
,,,,7,,104.235,,,,,
,,,,8,,214.201,,,,,
,,,,9,,68.469,,,,,
,,,,10,,90.949,,,,,
,,,,11,,617.414,,,,,
,,,,12,,91.118,,,,,
,,,,13,,859.115,,,,,
,,,,14,,200.18,,,,,
,,,,15,,160.1,,,,,
FJ190703-010,tern,W,JL,1,323.229,704.809,70.336,1187.169,68.974,280.129,
,,,,2,,214.758,,,,,
,,,,3,,933.186,,,,,
,,,,4,,73.164,,,,,
,,,,5,,34.366,,,,,
,,,,6,,566.299,,,,,
,,,,7,,98.153,,,,,
,,,,8,,251.34,,,,,
,,,,9,,67.476,,,,,
,,,,10,,NA,,,,,
,,,,11,,642.125,,,,,
,,,,12,,121.48,,,,,
,,,,13,,938.185,,,,,
,,,,14,,198.157,,,,,
,,,,15,,144.679,,,,,
FJ190628-014,tern,W,JL,1,306.339,642.05,70.696,1153.916,70.023,257.56,
,,,,2,,192.01,,,,,
,,,,3,,819.742,,,,,
,,,,4,,68.264,,,,,
,,,,5,,27.019,,,,,
,,,,6,,541.814,,,,,
,,,,7,,90.824,,,,,
,,,,8,,220.283,,,,,
,,,,9,,63.325,,,,,
,,,,10,,87.664,,,,,
,,,,11,,575.368,,,,,
,,,,12,,82.303,,,,,
,,,,13,,835.749,,,,,
,,,,14,,193.745,,,,,
,,,,15,,133.015,,,,,
FJ190621-002,tern,W,JL,1,309.46,600.48,70.344,1043.584,70.016,269.258,
,,,,2,,186.132,,,,,
,,,,3,,816.017,,,,,
,,,,4,,65.069,,,,,
,,,,5,,28.16,,,,,
,,,,6,,509.712,,,,,
,,,,7,,97.015,,,,,
,,,,8,,227.827,,,,,
,,,,9,,60.638,,,,,
,,,,10,,78.543,,,,,
,,,,11,,611.668,,,,,
,,,,12,,95.865,,,,,
,,,,13,,829.252,,,,,
,,,,14,,192.211,,,,,
,,,,15,,135.004,,,,,
FJ190619-010,tern,W,JL,1,277.727,572.786,69.424,1153.286,70.077,277.953,
,,,,2,,188.024,,,,,
,,,,3,,811.443,,,,,
,,,,4,,64.537,,,,,
,,,,5,,32.062,,,,,
,,,,6,,496.833,,,,,
,,,,7,,90.824,,,,,
,,,,8,,201.694,,,,,
,,,,9,,54.818,,,,,
,,,,10,,74.239,,,,,
,,,,11,,554.563,,,,,
,,,,12,,90.591,,,,,
,,,,13,,820.534,,,,,
,,,,14,,196.163,,,,,
,,,,15,,126.147,,,,,
FJ190619-003,tern,W,JL,1,311.487,694.979,69.681,1144.391,97.827,393.192,
,,,,2,,219.713,,,,,
,,,,3,,925.948,,,,,
,,,,4,,72.111,,,,,
,,,,5,,33.302,,,,,
,,,,6,,582.109,,,,,
,,,,7,,116.927,,,,,
,,,,8,,236.928,,,,,
,,,,9,,68.593,,,,,
,,,,10,,95.712,,,,,
,,,,11,,642.29,,,,,
,,,,12,,90.123,,,,,
,,,,13,,894.466,,,,,
,,,,14,,209.194,,,,,
,,,,15,,186.944,,,,,
DRA190824-003,tern,W,JL,1,314.848,645.105,137.012,2256.53,137.364,429.042,
,,,,2,,194.941,,,,,
,,,,3,,907.734,,,,,
,,,,4,,66.611,,,,,
,,,,5,,32.14,,,,,
,,,,6,,607.998,,,,,
,,,,7,,96.187,,,,,
,,,,8,,219.263,,,,,
,,,,9,,63,,,,,
,,,,10,,82.45,,,,,
,,,,11,,618.091,,,,,
,,,,12,,81.182,,,,,
,,,,13,,882.544,,,,,
,,,,14,,186.815,,,,,
,,,,15,,137.295,,,,,
DRA190824-002,tern,W,JL,1,339.76,668.427,139.061,1785.429,138.399,472.945,
,,,,2,,192.042,,,,,
,,,,3,,883.723,,,,,
,,,,4,,67.119,,,,,
,,,,5,,28.178,,,,,
,,,,6,,561.07,,,,,
,,,,7,,101.257,,,,,
,,,,8,,213.763,,,,,
,,,,9,,60.877,,,,,
,,,,10,,58.317,,,,,
,,,,11,,615.965,,,,,
,,,,12,,105.796,,,,,
,,,,13,,905.836,,,,,
,,,,14,,211.192,,,,,
,,,,15,,151.4,,,,,
DRA190824-001,tern,W,JL,1,287.846,618.098,137.865,2383.665,136.138,524.871,
,,,,2,,185.219,,,,,
,,,,3,,858.998,,,,,
,,,,4,,64.078,,,,,
,,,,5,,30.414,,,,,
,,,,6,,548.96,,,,,
,,,,7,,99.624,,,,,
,,,,8,,209.625,,,,,
,,,,9,,58.31,,,,,
,,,,10,,55.112,,,,,
,,,,11,,570.202,,,,,
,,,,12,,74.982,,,,,
,,,,13,,804.957,,,,,
,,,,14,,187.758,,,,,
,,,,15,,126.57,,,,,
DRA190709-015,tern,W,JL,1,324.055,660.613,68.318,1160.366,71.609,324.234,
,,,,2,,214.311,,,,,
,,,,3,,826.966,,,,,
,,,,4,,68.447,,,,,
,,,,5,,27.019,,,,,
,,,,6,,532.948,,,,,
,,,,7,,118.152,,,,,
,,,,8,,235.215,,,,,
,,,,9,,68.68,,,,,
,,,,10,,94.004,,,,,
,,,,11,,548.665,,,,,
,,,,12,,89.038,,,,,
,,,,13,,826.477,,,,,
,,,,14,,206.737,,,,,
,,,,15,,177.539,,,,,
MY190619-001,tern,Q,JL,1,213.866,639.725,69.385,1968.444,68.689,462.156,
,,,,2,,207.858,,,,,
,,,,3,,971.991,,,,,
,,,,4,,63.159,,,,,
,,,,5,,32.573,,,,,
,,,,6,,584.059,,,,,
,,,,7,,111.158,,,,,
,,,,8,,218.528,,,,,
,,,,9,,61.008,,,,,
,,,,10,,84.71,,,,,
,,,,11,,606.618,,,,,
,,,,12,,98.949,,,,,
,,,,13,,894.715,,,,,
,,,,14,,202.41,,,,,
,,,,15,,134.833,,,,,
JL190809-012,tern,Q,JL,1,260.966,703.105,136.016,3347.578,134.288,781.919,
,,,,2,,238.68,,,,,
,,,,3,,958.016,,,,,
,,,,4,,64.537,,,,,
,,,,5,,34.54,,,,,
,,,,6,,644.412,,,,,
,,,,7,,103.005,,,,,
,,,,8,,212.291,,,,,
,,,,9,,61.62,,,,,
,,,,10,,NA,,,,,
,,,,11,,648.908,,,,,
,,,,12,,108.261,,,,,
,,,,13,,901.275,,,,,
,,,,14,,208.471,,,,,
,,,,15,,153.844,,,,,
JL190619-005,tern,Q,JL,1,207.779,638.36,69.367,1662.209,68.708,414.135,
,,,,2,,217.442,,,,,
,,,,3,,876.371,,,,,
,,,,4,,61.814,,,,,
,,,,5,,30.15,,,,,
,,,,6,,563.505,,,,,
,,,,7,,92.661,,,,,
,,,,8,,204.183,,,,,
,,,,9,,54.708,,,,,
,,,,10,,76.958,,,,,
,,,,11,,575.657,,,,,
,,,,12,,96.064,,,,,
,,,,13,,832.065,,,,,
,,,,14,,186.593,,,,,
,,,,15,,131.095,,,,,
JL190619-004,tern,Q,JL,1,203.416,660.551,68.054,1944.664,67.549,488.148,
,,,,2,,236.907,,,,,
,,,,3,,854.561,,,,,
,,,,4,,68.469,,,,,
,,,,5,,36.497,,,,,
,,,,6,,548.476,,,,,
,,,,7,,103.044,,,,,
,,,,8,,202.026,,,,,
,,,,9,,67.268,,,,,
,,,,10,,NA,,,,,
,,,,11,,577.699,,,,,
,,,,12,,102.891,,,,,
,,,,13,,816.751,,,,,
,,,,14,,179.246,,,,,
,,,,15,,147.275,,,,,
JL190619-003,tern,Q,JL,1,237.514,715.749,69.345,1874.69,68.674,432.185,
,,,,2,,250.801,,,,,
,,,,3,,993.161,,,,,
,,,,4,,72.111,,,,,
,,,,5,,33.377,,,,,
,,,,6,,661.171,,,,,
,,,,7,,110,,,,,
,,,,8,,242.495,,,,,
,,,,9,,74,,,,,
,,,,10,,79.71,,,,,
,,,,11,,663.09,,,,,
,,,,12,,127.923,,,,,
,,,,13,,986.929,,,,,
,,,,14,,230.708,,,,,
,,,,15,,162.111,,,,,
FJ190628-010,tern,Q,JL,1,201.341,655.298,68.118,1957.557,68.262,375.084,
,,,,2,,222.104,,,,,
,,,,3,,915.315,,,,,
,,,,4,,58.856,,,,,
,,,,5,,33.894,,,,,
,,,,6,,500.833,,,,,
,,,,7,,93.638,,,,,
,,,,8,,205.24,,,,,
,,,,9,,54.129,,,,,
,,,,10,,73.024,,,,,
,,,,11,,530.317,,,,,
,,,,12,,83.116,,,,,
,,,,13,,893.271,,,,,
,,,,14,,183.371,,,,,
,,,,15,,143.283,,,,,
FJ190619-002,tern,Q,JL,1,220.922,665.05,70.029,1634.567,69.367,428.065,
,,,,2,,244.724,,,,,
,,,,3,,1053.485,,,,,
,,,,4,,70.093,,,,,
,,,,5,,34.713,,,,,
,,,,6,,646.366,,,,,
,,,,7,,87.023,,,,,
,,,,8,,225.036,,,,,
,,,,9,,56.089,,,,,
,,,,10,,82.258,,,,,
,,,,11,,624.157,,,,,
,,,,12,,89.064,,,,,
,,,,13,,976.868,,,,,
,,,,14,,224.589,,,,,
,,,,15,,135.148,,,,,
FJ190619-001,tern,Q,JL,1,230.181,656.415,68.679,1590.049,70.007,396.081,
,,,,2,,227.491,,,,,
,,,,3,,916.622,,,,,
,,,,4,,67.897,,,,,
,,,,5,,35.228,,,,,
,,,,6,,587.795,,,,,
,,,,7,,104.561,,,,,
,,,,8,,222.275,,,,,
,,,,9,,62.65,,,,,
,,,,10,,77.747,,,,,
,,,,11,,624.984,,,,,
,,,,12,,79.558,,,,,
,,,,13,,908.878,,,,,
,,,,14,,208.849,,,,,
,,,,15,,144.779,,,,,
DRA190709-016,tern,Q,JL,1,216.972,658.474,69.149,1828.829,71.7,440,
,,,,2,,230.217,,,,,
,,,,3,,920.938,,,,,
,,,,4,,69.57,,,,,
,,,,5,,33.242,,,,,
,,,,6,,555.189,,,,,
,,,,7,,103.697,,,,,
,,,,8,,218.42,,,,,
,,,,9,,58.241,,,,,
,,,,10,,75.92,,,,,
,,,,11,,621.587,,,,,
,,,,12,,63.582,,,,,
,,,,13,,914.157,,,,,
,,,,14,,203.769,,,,,
,,,,15,,153.062,,,,,
JL190809-008,tern,M,JL,1,298.337,688.105,139.325,2346.315,136.211,537.386,
,,,,2,,210.021,,,,,
,,,,3,,956.2,,,,,
,,,,4,,63.789,,,,,
,,,,5,,34.482,,,,,
,,,,6,,625.93,,,,,
,,,,7,,96.047,,,,,
,,,,8,,222.181,,,,,
,,,,9,,55,,,,,
,,,,10,,76.705,,,,,
,,,,11,,614.183,,,,,
,,,,12,,66.851,,,,,
,,,,13,,938.449,,,,,
,,,,14,,200.392,,,,,
,,,,15,,113.842,,,,,
FJ190809-001,tern,M,JL,1,303.35,653.716,138.779,2226.552,137.952,555.705,
,,,,2,,194.982,,,,,
,,,,3,,876.229,,,,,
,,,,4,,59.135,,,,,
,,,,5,,27.074,,,,,
,,,,6,,587.771,,,,,
,,,,7,,91.924,,,,,
,,,,8,,211.192,,,,,
,,,,9,,48.508,,,,,
,,,,10,,89.32,,,,,
,,,,11,,590.123,,,,,
,,,,12,,67.914,,,,,
,,,,13,,864.13,,,,,
,,,,14,,190.252,,,,,
,,,,15,,137.557,,,,,
DRA190709-001,san,W,JL,1,238.916,682.265,66.483,1554.397,68.893,406.079,
,,,,2,,251.018,,,,,
,,,,3,,971.324,,,,,
,,,,4,,70.029,,,,,
,,,,5,,32.016,,,,,
,,,,6,,656.719,,,,,
,,,,7,,100.603,,,,,
,,,,8,,233.242,,,,,
,,,,9,,61.717,,,,,
,,,,10,,NA,,,,,
,,,,11,,658.259,,,,,
,,,,12,,100.226,,,,,
,,,,13,,944.305,,,,,
,,,,14,,203.953,,,,,
,,,,15,,152.266,,,,,
FJ190827-012,san,W;Q,JL,1,245.9,657.304,136.055,3292.964,135.561,873.721,
,,,,2,,153.101,,,,,
,,,,3,,924.76,,,,,
,,,,4,,60.44,,,,,
,,,,5,,28,,,,,
,,,,6,,574.457,,,,,
,,,,7,,79.12,,,,,
,,,,8,,181.363,,,,,
,,,,9,,48.042,,,,,
,,,,10,,68.404,,,,,
,,,,11,,643.05,,,,,
,,,,12,,44.612,,,,,
,,,,13,,880.313,,,,,
,,,,14,,201.189,,,,,
,,,,15,,138.885,,,,,
LMB190709-001,san,W,JL,1,215.107,647.596,69.11,1545.889,66.99,384.255,
,,,,2,,201.427,,,,,
,,,,3,,954.904,,,,,
,,,,4,,56.223,,,,,
,,,,5,,30.806,,,,,
,,,,6,,571.18,,,,,
,,,,7,,94.541,,,,,
,,,,8,,216.798,,,,,
,,,,9,,58.181,,,,,
,,,,10,,79.474,,,,,
,,,,11,,602.8,,,,,
,,,,12,,97.75,,,,,
,,,,13,,891.048,,,,,
,,,,14,,189.708,,,,,
,,,,15,,134.183,,,,,
HFN190709-001,san,W,JL,1,214.127,605.238,70.029,1556.209,69.377,424.57,
,,,,2,,236.753,,,,,
,,,,3,,966.118,,,,,
,,,,4,,64.382,,,,,
,,,,5,,34.785,,,,,
,,,,6,,593.92,,,,,
,,,,7,,111.4,,,,,
,,,,8,,219.503,,,,,
,,,,9,,60.828,,,,,
,,,,10,,90.853,,,,,
,,,,11,,631.298,,,,,
,,,,12,,69.987,,,,,
,,,,13,,931.516,,,,,
,,,,14,,203.679,,,,,
,,,,15,,148.486,,,,,
FJ190709-009,san,W,JL,1,246.438,604.156,69.655,1093.344,69.348,322.099,
,,,,2,,188.481,,,,,
,,,,3,,869.309,,,,,
,,,,4,,61.612,,,,,
,,,,5,,30.067,,,,,
,,,,6,,507.755,,,,,
,,,,7,,75.604,,,,,
,,,,8,,212.533,,,,,
,,,,9,,52.345,,,,,
,,,,10,,82.056,,,,,
,,,,11,,568.834,,,,,
,,,,12,,96.719,,,,,
,,,,13,,856.971,,,,,
,,,,14,,172.169,,,,,
,,,,15,,127.224,,,,,
JL190711-008,san,M,JL,1,306.327,706.431,70.014,1163.089,68.421,297.321,
,,,,2,,222.104,,,,,
,,,,3,,1046.88,,,,,
,,,,4,,72.339,,,,,
,,,,5,,33.242,,,,,
,,,,6,,666.278,,,,,
,,,,7,,108.853,,,,,
,,,,8,,242.927,,,,,
,,,,9,,60.407,,,,,
,,,,10,,109.836,,,,,
,,,,11,,567.015,,,,,
,,,,12,,89.903,,,,,
,,,,13,,1022.64,,,,,
,,,,14,,211.4,,,,,
,,,,15,,144.125,,,,,
DRA190718-002,ruf;perp,M,JL,1,300.942,706.408,69.52,1237.08,68.967,318.057,
,,,,2,,167.027,,,,,
,,,,3,,933.819,,,,,
,,,,4,,72.111,,,,,
,,,,5,,25.71,,,,,
,,,,6,,565.541,,,,,
,,,,7,,108.301,,,,,
,,,,8,,217.933,,,,,
,,,,9,,51.884,,,,,
,,,,10,,88.501,,,,,
,,,,11,,650.597,,,,,
,,,,12,,83.165,,,,,
,,,,13,,949.098,,,,,
,,,,14,,206.814,,,,,
,,,,15,,148.054,,,,,
PF190709-003,ruf,W,JL,1,300.09,631.495,70.003,1121.614,69.383,292.438,
,,,,2,,176.071,,,,,
,,,,3,,904.64,,,,,
,,,,4,,68.359,,,,,
,,,,5,,29.155,,,,,
,,,,6,,590.145,,,,,
,,,,7,,104.393,,,,,
,,,,8,,228.489,,,,,
,,,,9,,67.052,,,,,
,,,,10,,97.351,,,,,
,,,,11,,588.986,,,,,
,,,,12,,129.653,,,,,
,,,,13,,923.447,,,,,
,,,,14,,210.107,,,,,
,,,,15,,140.129,,,,,
PF190724-004,imp,W,JL,1,311.307,734.896,69.428,1122.312,68.196,279.007,
,,,,2,,230.269,,,,,
,,,,3,,1047.891,,,,,
,,,,4,,73.437,,,,,
,,,,5,,29.12,,,,,
,,,,6,,662.945,,,,,
,,,,7,,93.904,,,,,
,,,,8,,225.197,,,,,
,,,,9,,60.075,,,,,
,,,,10,,84.861,,,,,
,,,,11,,692.962,,,,,
,,,,12,,114.409,,,,,
,,,,13,,1066.907,,,,,
,,,,14,,203.158,,,,,
,,,,15,,154.302,,,,,
PF190724-003,imp,W,JL,1,246.829,645.638,69.516,1473.416,66.712,344.836,
,,,,2,,198.736,,,,,
,,,,3,,957.799,,,,,
,,,,4,,61.205,,,,,
,,,,5,,28.844,,,,,
,,,,6,,614.232,,,,,
,,,,7,,106.438,,,,,
,,,,8,,204.434,,,,,
,,,,9,,59.933,,,,,
,,,,10,,76.578,,,,,
,,,,11,,611.557,,,,,
,,,,12,,104.089,,,,,
,,,,13,,918.326,,,,,
,,,,14,,200.412,,,,,
,,,,15,,134.852,,,,,
JL190910-001,imp,W,JL,1,256.008,642.907,69.265,1353.327,69.173,346.923,
,,,,2,,208.866,,,,,
,,,,3,,980.176,,,,,
,,,,4,,64.07,,,,,
,,,,5,,29.069,,,,,
,,,,6,,650.218,,,,,
,,,,7,,119,,,,,
,,,,8,,218.339,,,,,
,,,,9,,69.007,,,,,
,,,,10,,88.508,,,,,
,,,,11,,617.822,,,,,
,,,,12,,131.528,,,,,
,,,,13,,971.905,,,,,
,,,,14,,210.44,,,,,
,,,,15,,142.032,,,,,
JL190806-007,imp,W,JL,1,256.926,718.955,132.705,2907.196,,,
,,,,2,,214.947,,,,,
,,,,3,,1040.694,,,,,
,,,,4,,69.376,,,,,
,,,,5,,29.206,,,,,
,,,,6,,691.164,,,,,
,,,,7,,119.887,,,,,
,,,,8,,236.077,,,,,
,,,,9,,63.53,,,,,
,,,,10,,94.524,,,,,
,,,,11,,662.925,,,,,
,,,,12,,95.084,,,,,
,,,,13,,1030.992,,,,,
,,,,14,,208.943,,,,,
,,,,15,,143.68,,,,,
JL190806-006,imp,W,JL,1,256.6,628.013,143.576,2542.245,138.192,589.151,
,,,,2,,178.18,,,,,
,,,,3,,928.416,,,,,
,,,,4,,60.133,,,,,
,,,,5,,30.067,,,,,
,,,,6,,610.149,,,,,
,,,,7,,94.541,,,,,
,,,,8,,193.386,,,,,
,,,,9,,57.009,,,,,
,,,,10,,73.825,,,,,
,,,,11,,553.48,,,,,
,,,,12,,108.248,,,,,
,,,,13,,904.543,,,,,
,,,,14,,166.172,,,,,
,,,,15,,130.384,,,,,
JL190806-005,imp,W,JL,1,290.256,728.67,141.355,3031.172,141.932,698.82,
,,,,2,,240.416,,,,,
,,,,3,,1146.325,,,,,
,,,,4,,76.479,,,,,
,,,,5,,36.056,,,,,
,,,,6,,763.144,,,,,
,,,,7,,117.273,,,,,
,,,,8,,245.258,,,,,
,,,,9,,74.673,,,,,
,,,,10,,69.081,,,,,
,,,,11,,708.079,,,,,
,,,,12,,105.209,,,,,
,,,,13,,1007.855,,,,,
,,,,14,,218.893,,,,,
,,,,15,,162.926,,,,,
JL190716-012,imp,W,JL,1,304.242,685.414,69.023,1238.527,68.189,300.885,
,,,,2,,219.447,,,,,
,,,,3,,1001.887,,,,,
,,,,4,,71.007,,,,,
,,,,5,,31.78,,,,,
,,,,6,,663.677,,,,,
,,,,7,,103.368,,,,,
,,,,8,,230.701,,,,,
,,,,9,,63.53,,,,,
,,,,10,,88.943,,,,,
,,,,11,,637.1,,,,,
,,,,12,,88.447,,,,,
,,,,13,,969.047,,,,,
,,,,14,,204.636,,,,,
,,,,15,,147.868,,,,,
JL190716-011,imp,W,JL,1,240.163,589.869,68.884,1310.477,66.401,317.648,
,,,,2,,167.726,,,,,
,,,,3,,847.915,,,,,
,,,,4,,59.034,,,,,
,,,,5,,28.284,,,,,
,,,,6,,539.753,,,,,
,,,,7,,93.134,,,,,
,,,,8,,191.497,,,,,
,,,,9,,56.223,,,,,
,,,,10,,76.971,,,,,
,,,,11,,520.908,,,,,
,,,,12,,73.921,,,,,
,,,,13,,823.441,,,,,
,,,,14,,193.879,,,,,
,,,,15,,126.321,,,,,
FJ190905-003,imp,W,JL,1,262.497,628.669,69.829,1159.767,68.445,333.408,
,,,,2,,188.322,,,,,
,,,,3,,912.642,,,,,
,,,,4,,64.07,,,,,
,,,,5,,32,,,,,
,,,,6,,614.733,,,,,
,,,,7,,108.503,,,,,
,,,,8,,201.531,,,,,
,,,,9,,56.886,,,,,
,,,,10,,83.726,,,,,
,,,,11,,533.165,,,,,
,,,,12,,93.8,,,,,
,,,,13,,879.603,,,,,
,,,,14,,207.617,,,,,
,,,,15,,130.981,,,,,
FJ190905-002,imp,W,JL,1,246.221,675.846,68.881,1349.528,69.561,342.053,
,,,,2,,204.619,,,,,
,,,,3,,946.141,,,,,
,,,,4,,69.871,,,,,
,,,,5,,27.203,,,,,
,,,,6,,596.041,,,,,
,,,,7,,110.218,,,,,
,,,,8,,206.044,,,,,
,,,,9,,64.382,,,,,
,,,,10,,73.186,,,,,
,,,,11,,444.761,,,,,
,,,,12,,79.271,,,,,
,,,,13,,904.2,,,,,
,,,,14,,185.744,,,,,
,,,,15,,140.52,,,,,
FJ190905-001,imp,W,JL,1,309.963,664.244,69.689,1222.217,67.644,283.863,
,,,,2,,198.04,,,,,
,,,,3,,972.785,,,,,
,,,,4,,69.116,,,,,
,,,,5,,25.02,,,,,
,,,,6,,661.709,,,,,
,,,,7,,94.255,,,,,
,,,,8,,213.713,,,,,
,,,,9,,61.205,,,,,
,,,,10,,87.922,,,,,
,,,,11,,603.931,,,,,
,,,,12,,96.65,,,,,
,,,,13,,978.41,,,,,
,,,,14,,214.374,,,,,
,,,,15,,152.329,,,,,
FJ190828-003,imp,W,JL,1,213.098,596.272,,,134.417,743.643,
,,,,2,,185.011,,,,,
,,,,3,,880.53,,,,,
,,,,4,,59.034,,,,,
,,,,5,,27.295,,,,,
,,,,6,,561.692,,,,,
,,,,7,,78.772,,,,,
,,,,8,,195.496,,,,,
,,,,9,,54.406,,,,,
,,,,10,,NA,,,,,
,,,,11,,550.129,,,,,
,,,,12,,93.657,,,,,
,,,,13,,896.382,,,,,
,,,,14,,197.254,,,,,
,,,,15,,139.09,,,,,
FJ190828-002,imp,W,JL,1,213.032,511.563,135.656,3095.509,134.916,727.096,
,,,,2,,171.292,,,,,
,,,,3,,855.297,,,,,
,,,,4,,60,,,,,
,,,,5,,29.547,,,,,
,,,,6,,570.408,,,,,
,,,,7,,78.435,,,,,
,,,,8,,182.124,,,,,
,,,,9,,45.695,,,,,
,,,,10,,77.742,,,,,
,,,,11,,507.209,,,,,
,,,,12,,97.463,,,,,
,,,,13,,875.948,,,,,
,,,,14,,186.215,,,,,
,,,,15,,122.004,,,,,
FJ190828-001,imp,W,JL,1,249.929,616,135.598,2641.819,137.481,669.108,
,,,,2,,200.202,,,,,
,,,,3,,950.608,,,,,
,,,,4,,60.299,,,,,
,,,,5,,27.893,,,,,
,,,,6,,579.092,,,,,
,,,,7,,94.154,,,,,
,,,,8,,207.201,,,,,
,,,,9,,53.666,,,,,
,,,,10,,74.098,,,,,
,,,,11,,594.47,,,,,
,,,,12,,85.115,,,,,
,,,,13,,909.946,,,,,
,,,,14,,173.349,,,,,
,,,,15,,113.137,,,,,
FJ190827-016,imp,W,JL,1,290.375,698.98,139.434,2269.132,138.521,627.925,
,,,,2,,202.299,,,,,
,,,,3,,992.518,,,,,
,,,,4,,68.066,,,,,
,,,,5,,37.483,,,,,
,,,,6,,669.535,,,,,
,,,,7,,108.908,,,,,
,,,,8,,232.252,,,,,
,,,,9,,61.098,,,,,
,,,,10,,61.914,,,,,
,,,,11,,643.273,,,,,
,,,,12,,96.083,,,,,
,,,,13,,993.623,,,,,
,,,,14,,206.693,,,,,
,,,,15,,138.058,,,,,
FJ190827-015,imp,W,JL,1,253.459,638.759,139.552,2633.587,138.687,622.766,
,,,,2,,203.502,,,,,
,,,,3,,927.952,,,,,
,,,,4,,60.299,,,,,
,,,,5,,35.014,,,,,
,,,,6,,584.951,,,,,
,,,,7,,102.044,,,,,
,,,,8,,203.661,,,,,
,,,,9,,53.852,,,,,
,,,,10,,72.529,,,,,
,,,,11,,572.301,,,,,
,,,,12,,59.144,,,,,
,,,,13,,878.455,,,,,
,,,,14,,191.88,,,,,
,,,,15,,134.093,,,,,
FJ190827-014,imp,W,JL,1,296.425,698.828,139.117,2435.589,136.564,656.003,
,,,,2,,210.836,,,,,
,,,,3,,1043.583,,,,,
,,,,4,,69.354,,,,,
,,,,5,,32.573,,,,,
,,,,6,,660.665,,,,,
,,,,7,,114.543,,,,,
,,,,8,,243.942,,,,,
,,,,9,,67.03,,,,,
,,,,10,,69.618,,,,,
,,,,11,,673.894,,,,,
,,,,12,,91.723,,,,,
,,,,13,,1013.966,,,,,
,,,,14,,210.49,,,,,
,,,,15,,153.264,,,,,
FJ190822-002,imp,W,JL,1,176.488,526.286,70.206,1627.849,69.271,352.619,
,,,,2,,150.851,,,,,
,,,,3,,1020.353,,,,,
,,,,4,,51.157,,,,,
,,,,5,,23.087,,,,,
,,,,6,,497.726,,,,,
,,,,7,,81.271,,,,,
,,,,8,,153.962,,,,,
,,,,9,,46.573,,,,,
,,,,10,,53.193,,,,,
,,,,11,,481.133,,,,,
,,,,12,,65.002,,,,,
,,,,13,,726.739,,,,,
,,,,14,,166.194,,,,,
,,,,15,,101.607,,,,,
FJ190822-001,imp,W,JL,1,251.525,628.033,,,68.857,326.653,
,,,,2,,183.927,,,,,
,,,,3,,913.167,,,,,
,,,,4,,63,,,,,
,,,,5,,32.016,,,,,
,,,,6,,600.385,,,,,
,,,,7,,96.628,,,,,
,,,,8,,204.391,,,,,
,,,,9,,58.052,,,,,
,,,,10,,87.001,,,,,
,,,,11,,586.175,,,,,
,,,,12,,93.271,,,,,
,,,,13,,879.175,,,,,
,,,,14,,186.011,,,,,
,,,,15,,135.96,,,,,
FJ190814-008,imp,W,JL,1,261.284,708.807,135.678,3091.316,135.024,650.896,
,,,,2,,209.497,,,,,
,,,,3,,1078.528,,,,,
,,,,4,,65.192,,,,,
,,,,5,,30.017,,,,,
,,,,6,,648.74,,,,,
,,,,7,,114.39,,,,,
,,,,8,,222.046,,,,,
,,,,9,,61.855,,,,,
,,,,10,,92.145,,,,,
,,,,11,,646.449,,,,,
,,,,12,,119.902,,,,,
,,,,13,,1027.481,,,,,
,,,,14,,213.546,,,,,
,,,,15,,137.117,,,,,
FJ190814-007,imp,W,JL,1,255.995,604.305,144.229,2540.043,138.1,660.136,
,,,,2,,189.615,,,,,
,,,,3,,909.43,,,,,
,,,,4,,58.052,,,,,
,,,,5,,26.019,,,,,
,,,,6,,592.209,,,,,
,,,,7,,88.051,,,,,
,,,,8,,204.859,,,,,
,,,,9,,55.579,,,,,
,,,,10,,71.483,,,,,
,,,,11,,544.783,,,,,
,,,,12,,75.664,,,,,
,,,,13,,877.29,,,,,
,,,,14,,150.615,,,,,
,,,,15,,102.396,,,,,
FJ190814-006,imp,W,JL,1,219.499,574.843,137.229,2949.459,136.959,667.707,
,,,,2,,177.138,,,,,
,,,,3,,839.799,,,,,
,,,,4,,56.569,,,,,
,,,,5,,24,,,,,
,,,,6,,516.597,,,,,
,,,,7,,71.309,,,,,
,,,,8,,177.301,,,,,
,,,,9,,55.543,,,,,
,,,,10,,66.618,,,,,
,,,,11,,491.955,,,,,
,,,,12,,80.834,,,,,
,,,,13,,838.945,,,,,
,,,,14,,161.149,,,,,
,,,,15,,123.369,,,,,
FJ190716-009,imp,W,JL,1,253.367,609.932,69.642,1276.181,66.685,342.841,
,,,,2,,198.595,,,,,
,,,,3,,921.371,,,,,
,,,,4,,68.447,,,,,
,,,,5,,34.234,,,,,
,,,,6,,599.898,,,,,
,,,,7,,101.193,,,,,
,,,,8,,189.255,,,,,
,,,,9,,56.613,,,,,
,,,,10,,NA,,,,,
,,,,11,,574.674,,,,,
,,,,12,,74.374,,,,,
,,,,13,,868.226,,,,,
,,,,14,,186.938,,,,,
,,,,15,,137.641,,,,,
FJ190715-002,imp,W,JL,1,295.091,730.286,68.848,1399.146,67.519,299.292,
,,,,2,,230.703,,,,,
,,,,3,,1042.905,,,,,
,,,,4,,70.682,,,,,
,,,,5,,36.056,,,,,
,,,,6,,628.918,,,,,
,,,,7,,121.342,,,,,
,,,,8,,242.333,,,,,
,,,,9,,75.538,,,,,
,,,,10,,95.385,,,,,
,,,,11,,668.025,,,,,
,,,,12,,88.138,,,,,
,,,,13,,1025.722,,,,,
,,,,14,,208.125,,,,,
,,,,15,,148.273,,,,,
FJ190710-003,imp,W,JL,1,248.868,626.001,68.366,1209.969,68.072,341.696,
,,,,2,,182.011,,,,,
,,,,3,,932.639,,,,,
,,,,4,,66.483,,,,,
,,,,5,,34.525,,,,,
,,,,6,,586.736,,,,,
,,,,7,,98.311,,,,,
,,,,8,,214.459,,,,,
,,,,9,,65.376,,,,,
,,,,10,,85,,,,,
,,,,11,,592.292,,,,,
,,,,12,,93.96,,,,,
,,,,13,,894.139,,,,,
,,,,14,,192.419,,,,,
,,,,15,,125.172,,,,,
FJ190705-003,imp,W,JL,1,255.349,584.852,67.912,1364.8,68.066,321.31,
,,,,2,,187.128,,,,,
,,,,3,,848.959,,,,,
,,,,4,,55.009,,,,,
,,,,5,,28.231,,,,,
,,,,6,,526.035,,,,,
,,,,7,,97,,,,,
,,,,8,,212.143,,,,,
,,,,9,,57.14,,,,,
,,,,10,,74.55,,,,,
,,,,11,,542.462,,,,,
,,,,12,,74.01,,,,,
,,,,13,,843.957,,,,,
,,,,14,,182.584,,,,,
,,,,15,,120.42,,,,,
FJ190612-002,imp,W,JL,1,303.511,710.518,69.207,1186.297,70.425,304.304,
,,,,2,,193.582,,,,,
,,,,3,,963.084,,,,,
,,,,4,,74.027,,,,,
,,,,5,,21.1,,,,,
,,,,6,,588.782,,,,,
,,,,7,,90.2,,,,,
,,,,8,,227.316,,,,,
,,,,9,,56.036,,,,,
,,,,10,,85.721,,,,,
,,,,11,,623.821,,,,,
,,,,12,,77.073,,,,,
,,,,13,,923.11,,,,,
,,,,14,,212.984,,,,,
,,,,15,,131.244,,,,,
FJ190529-001,imp,W,JL,1,179.986,646.784,,,68.637,476.151,
,,,,2,,196.499,,,,,
,,,,3,,912.478,,,,,
,,,,4,,58.464,,,,,
,,,,5,,26.683,,,,,
,,,,6,,630.249,,,,,
,,,,7,,93.343,,,,,
,,,,8,,174.523,,,,,
,,,,9,,50.16,,,,,
,,,,10,,64.511,,,,,
,,,,11,,607.319,,,,,
,,,,12,,98.624,,,,,
,,,,13,,901.776,,,,,
,,,,14,,185.744,,,,,
,,,,15,,130.817,,,,,
DRA190824-006,imp,W,JL,1,366.68,752.767,137.952,2084.728,137.376,524.485,
,,,,2,,213.396,,,,,
,,,,3,,998.965,,,,,
,,,,4,,74.431,,,,,
,,,,5,,30.067,,,,,
,,,,6,,691.664,,,,,
,,,,7,,116.709,,,,,
,,,,8,,224.72,,,,,
,,,,9,,60.299,,,,,
,,,,10,,94.119,,,,,
,,,,11,,701.967,,,,,
,,,,12,,96.298,,,,,
,,,,13,,1022.815,,,,,
,,,,14,,208.079,,,,,
,,,,15,,161.301,,,,,
AO190715-001,imp,W,JL,1,329.721,739.114,70.027,1130.916,68.467,280.492,
,,,,2,,218.05,,,,,
,,,,3,,1053.365,,,,,
,,,,4,,70.711,,,,,
,,,,5,,31.401,,,,,
,,,,6,,676.244,,,,,
,,,,7,,114.004,,,,,
,,,,8,,244.255,,,,,
,,,,9,,63.789,,,,,
,,,,10,,91.631,,,,,
,,,,11,,663.218,,,,,
,,,,12,,77.205,,,,,
,,,,13,,991.365,,,,,
,,,,14,,224.949,,,,,
,,,,15,,145.121,,,,,
190815-004,imp,W,JL,1,265.713,659.729,70.407,1424.169,67.3,302.853,DRA190815-004
,,,,2,,201.002,,,,,
,,,,3,,919.431,,,,,
,,,,4,,67.365,,,,,
,,,,5,,31.575,,,,,
,,,,6,,636.637,,,,,
,,,,7,,97.082,,,,,
,,,,8,,206.932,,,,,
,,,,9,,62.362,,,,,
,,,,10,,79.511,,,,,
,,,,11,,599.928,,,,,
,,,,12,,77.429,,,,,
,,,,13,,921.843,,,,,
,,,,14,,186.261,,,,,
,,,,15,,128.25,,,,,
190815-003,imp,W,JL,1,250.761,605.31,70.218,1251.272,69.57,279.12,DRA190815-003
,,,,2,,140.246,,,,,
,,,,3,,842.562,,,,,
,,,,4,,57.559,,,,,
,,,,5,,19.235,,,,,
,,,,6,,584,,,,,
,,,,7,,90.094,,,,,
,,,,8,,173.125,,,,,
,,,,9,,57.428,,,,,
,,,,10,,71.659,,,,,
,,,,11,,540.167,,,,,
,,,,12,,53.796,,,,,
,,,,13,,754.019,,,,,
,,,,14,,161.375,,,,,
,,,,15,,120.067,,,,,
190815-002,imp,W,JL,1,256.025,604.829,70.593,1252.867,69.065,295.296,DRA190815-002
,,,,2,,162.262,,,,,
,,,,3,,858.467,,,,,
,,,,4,,46.4,,,,,
,,,,5,,22.672,,,,,
,,,,6,,593.46,,,,,
,,,,7,,101.257,,,,,
,,,,8,,200.658,,,,,
,,,,9,,56.036,,,,,
,,,,10,,76.231,,,,,
,,,,11,,519.711,,,,,
,,,,12,,63.971,,,,,
,,,,13,,795.135,,,,,
,,,,14,,164.344,,,,,
,,,,15,,125.004,,,,,
TJ190530-003,imp,Q,JL,1,142.591,600.213,67.315,2123.17,71,489.048,
,,,,2,,161.385,,,,,
,,,,3,,1069.857,,,,,
,,,,4,,54.083,,,,,
,,,,5,,21.024,,,,,
,,,,6,,530.11,,,,,
,,,,7,,69.426,,,,,
,,,,8,,143.591,,,,,
,,,,9,,31.145,,,,,
,,,,10,,48.456,,,,,
,,,,11,,503.719,,,,,
,,,,12,,72.49,,,,,
,,,,13,,720.226,,,,,
,,,,14,,148.003,,,,,
,,,,15,,112.805,,,,,
JL190905-001,imp,M,JL,1,248.761,643.372,68.287,1279.739,68.485,327.083,
,,,,2,,173.026,,,,,
,,,,3,,912.845,,,,,
,,,,4,,67.119,,,,,
,,,,5,,26.173,,,,,
,,,,6,,583.748,,,,,
,,,,7,,93.744,,,,,
,,,,8,,204.431,,,,,
,,,,9,,54.332,,,,,
,,,,10,,74.798,,,,,
,,,,11,,590.931,,,,,
,,,,12,,66.372,,,,,
,,,,13,,887.612,,,,,
,,,,14,,197.669,,,,,
,,,,15,,124.487,,,,,
FJ190827-008,imp,M,JL,1,263.769,614.564,136.678,2667.013,128.291,520.593,
,,,,2,,174.244,,,,,
,,,,3,,870.358,,,,,
,,,,4,,59.464,,,,,
,,,,5,,27.295,,,,,
,,,,6,,575.017,,,,,
,,,,7,,89.09,,,,,
,,,,8,,190.396,,,,,
,,,,9,,50.359,,,,,
,,,,10,,74.216,,,,,
,,,,11,,543.215,,,,,
,,,,12,,56.48,,,,,
,,,,13,,869.682,,,,,
,,,,14,,177.023,,,,,
,,,,15,,117.047,,,,,
FJ190814-002,imp,M,JL,1,212.171,562.723,143.676,2537.023,133.778,622.903,
,,,,2,,148.661,,,,,
,,,,3,,874.026,,,,,
,,,,4,,52.345,,,,,
,,,,5,,25.318,,,,,
,,,,6,,541.25,,,,,
,,,,7,,86.006,,,,,
,,,,8,,203.229,,,,,
,,,,9,,46.615,,,,,
,,,,10,,63.908,,,,,
,,,,11,,515.984,,,,,
,,,,12,,81.042,,,,,
,,,,13,,860.044,,,,,
,,,,14,,160.112,,,,,
,,,,15,,114.272,,,,,
DRA190824-005,imp,M,JL,1,298.229,697.252,140.032,2408.339,139.729,580.932,
,,,,2,,213.6,,,,,
,,,,3,,995.317,,,,,
,,,,4,,70.064,,,,,
,,,,5,,30.017,,,,,
,,,,6,,621.699,,,,,
,,,,7,,96.177,,,,,
,,,,8,,220.162,,,,,
,,,,9,,69.635,,,,,
,,,,10,,86.662,,,,,
,,,,11,,664.498,,,,,
,,,,12,,74.332,,,,,
,,,,13,,978.014,,,,,
,,,,14,,222.104,,,,,
,,,,15,,135.074,,,,,
FJ190827-017,ferv,W,JL,1,214.374,648.115,137.876,2999.528,136.2,666.108,
,,,,2,,178.34,,,,,
,,,,3,,987.072,,,,,
,,,,4,,62.008,,,,,
,,,,5,,22,,,,,
,,,,6,,710.128,,,,,
,,,,7,,105.309,,,,,
,,,,8,,217.89,,,,,
,,,,9,,50.606,,,,,
,,,,10,,67.095,,,,,
,,,,11,,598.962,,,,,
,,,,12,,83.651,,,,,
,,,,13,,962.513,,,,,
,,,,14,,183.619,,,,,
,,,,15,,123.584,,,,,
FJ190827-009,ferv,W,JL,1,204.367,628.856,138.815,2748.702,138.047,622.206,
,,,,2,,172.662,,,,,
,,,,3,,942.404,,,,,
,,,,4,,62.801,,,,,
,,,,5,,18.028,,,,,
,,,,6,,661.638,,,,,
,,,,7,,98.412,,,,,
,,,,8,,192.7,,,,,
,,,,9,,46.69,,,,,
,,,,10,,76.942,,,,,
,,,,11,,574.465,,,,,
,,,,12,,65.417,,,,,
,,,,13,,870.645,,,,,
,,,,14,,162.929,,,,,
,,,,15,,115.694,,,,,
FJ190709-003,ferv,W,JL,1,221.496,586.581,65.46,1243.184,68.604,300.912,
,,,,2,,158.269,,,,,
,,,,3,,857.151,,,,,
,,,,4,,58.07,,,,,
,,,,5,,21.095,,,,,
,,,,6,,558.734,,,,,
,,,,7,,88.323,,,,,
,,,,8,,173.492,,,,,
,,,,9,,46.615,,,,,
,,,,10,,76.891,,,,,
,,,,11,,528.757,,,,,
,,,,12,,63.111,,,,,
,,,,13,,834.946,,,,,
,,,,14,,162.89,,,,,
,,,,15,,116.619,,,,,
AOI190709-001,ferv,W,JL,1,247.826,627.373,70.218,1276.597,68.469,320.899,
,,,,2,,179.246,,,,,
,,,,3,,994.755,,,,,
,,,,4,,64.195,,,,,
,,,,5,,23.022,,,,,
,,,,6,,598.366,,,,,
,,,,7,,103.019,,,,,
,,,,8,,210.807,,,,,
,,,,9,,61.205,,,,,
,,,,10,,79.748,,,,,
,,,,11,,583.757,,,,,
,,,,12,,90.22,,,,,
,,,,13,,950.783,,,,,
,,,,14,,177.102,,,,,
,,,,15,,130.587,,,,,
FJ190711-001,ferv,Q,JL,1,213.113,684.368,65.346,2375.132,65.015,461.861,
,,,,2,,195.727,,,,,
,,,,3,,1004.559,,,,,
,,,,4,,66.242,,,,,
,,,,5,,26.571,,,,,
,,,,6,,722.261,,,,,
,,,,7,,106.019,,,,,
,,,,8,,195.1,,,,,
,,,,9,,48.042,,,,,
,,,,10,,65.443,,,,,
,,,,11,,651.498,,,,,
,,,,12,,86.37,,,,,
,,,,13,,985.73,,,,,
,,,,14,,180.278,,,,,
,,,,15,,112.089,,,,,
FJ190827-007,bor,W,JL,1,173.93,566.414,137.391,2647.965,134.136,747.867,
,,,,2,,146.373,,,,,
,,,,3,,914.907,,,,,
,,,,4,,52.802,,,,,
,,,,5,,21.19,,,,,
,,,,6,,566.795,,,,,
,,,,7,,83.006,,,,,
,,,,8,,173.822,,,,,
,,,,9,,43.863,,,,,
,,,,10,,54.65,,,,,
,,,,11,,536.695,,,,,
,,,,12,,62.553,,,,,
,,,,13,,849.636,,,,,
,,,,14,,148.772,,,,,
,,,,15,,114.739,,,,,
FJ190827-005,bor,W,JL,1,211.316,674.681,138.697,3459.682,136.641,759.924,
,,,,2,,179.477,,,,,
,,,,3,,1076.66,,,,,
,,,,4,,62.968,,,,,
,,,,5,,25.495,,,,,
,,,,6,,733.436,,,,,
,,,,7,,89.359,,,,,
,,,,8,,201.629,,,,,
,,,,9,,53.852,,,,,
,,,,10,,80.043,,,,,
,,,,11,,636.958,,,,,
,,,,12,,82.744,,,,,
,,,,13,,1024.645,,,,,
,,,,14,,200.998,,,,,
,,,,15,,121.342,,,,,
FJ190827-002,bor,W,JL,1,202.47,695.363,138.361,3248.066,135.563,859.593,
,,,,2,,171.467,,,,,
,,,,3,,1044.91,,,,,
,,,,4,,57.271,,,,,
,,,,5,,24.042,,,,,
,,,,6,,677.97,,,,,
,,,,7,,99.464,,,,,
,,,,8,,212.244,,,,,
,,,,9,,56.754,,,,,
,,,,10,,75.296,,,,,
,,,,11,,634.748,,,,,
,,,,12,,64.498,,,,,
,,,,13,,1005.658,,,,,
,,,,14,,184.098,,,,,
,,,,15,,128.752,,,,,
FJ190809-003,bor,W,,1,198.874,575.569,138.233,2740.514,137.458,715.794,
,,,,2,,168.024,,,,,
,,,,3,,912.269,,,,,
,,,,4,,58.078,,,,,
,,,,5,,22,,,,,
,,,,6,,597.308,,,,,
,,,,7,,100.285,,,,,
,,,,8,,207.725,,,,,
,,,,9,,50.16,,,,,
,,,,10,,71.19,,,,,
,,,,11,,536.993,,,,,
,,,,12,,65.994,,,,,
,,,,13,,883.719,,,,,
,,,,14,,157.08,,,,,
,,,,15,,111.544,,,,,
FJ190809-011,bor,W,JL,1,312.374,560.847,139.344,1939.105,138.903,477.98,
,,,,2,,195.479,,,,,
,,,,3,,770.636,,,,,
,,,,4,,55.082,,,,,
,,,,5,,25,,,,,
,,,,6,,506.686,,,,,
,,,,7,,89.14,,,,,
,,,,8,,193.147,,,,,
,,,,9,,55.082,,,,,
,,,,10,,NA,,,,,
,,,,11,,511.489,,,,,
,,,,12,,58,,,,,
,,,,13,,755.192,,,,,
,,,,14,,186.078,,,,,
,,,,15,,129.294,,,,,
PF190709-009,bim,W,JL,1,259.372,667.956,68.517,1226.204,69.261,294.245,
,,,,2,,181.199,,,,,
,,,,3,,1011.288,,,,,
,,,,4,,66.924,,,,,
,,,,5,,28.178,,,,,
,,,,6,,662.156,,,,,
,,,,7,,100.603,,,,,
,,,,8,,226.238,,,,,
,,,,9,,52.038,,,,,
,,,,10,,82.761,,,,,
,,,,11,,619.04,,,,,
,,,,12,,84.476,,,,,
,,,,13,,996.501,,,,,
,,,,14,,189.082,,,,,
,,,,15,,145.561,,,,,
PF190709-008,bim,W,JL,1,258.587,719.803,69.366,1488.531,67.98,309.458,
,,,,2,,195.727,,,,,
,,,,3,,1032.611,,,,,
,,,,4,,67.978,,,,,
,,,,5,,43.267,,,,,
,,,,6,,629.71,,,,,
,,,,7,,101.592,,,,,
,,,,8,,269.589,,,,,
,,,,9,,70.774,,,,,
,,,,10,,93.983,,,,,
,,,,11,,654.306,,,,,
,,,,12,,114.551,,,,,
,,,,13,,983.933,,,,,
,,,,14,,207.625,,,,,
,,,,15,,150.615,,,,,
MY190621-002,bim,W,JL,1,251.673,628.914,70.029,1279.075,68.347,288.173,
,,,,2,,169.319,,,,,
,,,,3,,933.956,,,,,
,,,,4,,61.205,,,,,
,,,,5,,27.659,,,,,
,,,,6,,612.53,,,,,
,,,,7,,92.315,,,,,
,,,,8,,214.602,,,,,
,,,,9,,55.606,,,,,
,,,,10,,77.372,,,,,
,,,,11,,571.581,,,,,
,,,,12,,86.796,,,,,
,,,,13,,917.729,,,,,
,,,,14,,180.624,,,,,
,,,,15,,121.334,,,,,
MY190621-001,bim,W,JL,1,239.675,604.497,69.019,1189.218,70.434,277.222,
,,,,2,,151.855,,,,,
,,,,3,,972.196,,,,,
,,,,4,,58.694,,,,,
,,,,5,,31.064,,,,,
,,,,6,,554.052,,,,,
,,,,7,,94.021,,,,,
,,,,8,,223.349,,,,,
,,,,9,,60.407,,,,,
,,,,10,,72.246,,,,,
,,,,11,,544.002,,,,,
,,,,12,,94.108,,,,,
,,,,13,,907.023,,,,,
,,,,14,,164.451,,,,,
,,,,15,,137.539,,,,,
MY190619-002,bim,W,JL,1,259.604,686.535,69.334,1369.345,70.349,297.866,
,,,,2,,170.426,,,,,
,,,,3,,1009.316,,,,,
,,,,4,,62.129,,,,,
,,,,5,,32.558,,,,,
,,,,6,,624.883,,,,,
,,,,7,,99.161,,,,,
,,,,8,,241.449,,,,,
,,,,9,,60.745,,,,,
,,,,10,,72.955,,,,,
,,,,11,,610.359,,,,,
,,,,12,,92.276,,,,,
,,,,13,,992.141,,,,,
,,,,14,,192.338,,,,,
,,,,15,,145.496,,,,,
LMB190715-001,bim,W,JL,1,204.867,591.047,68.639,1554.647,67.216,343.284,
,,,,2,,164.073,,,,,
,,,,3,,923.886,,,,,
,,,,4,,55.317,,,,,
,,,,5,,21.024,,,,,
,,,,6,,579.121,,,,,
,,,,7,,89.185,,,,,
,,,,8,,200.334,,,,,
,,,,9,,43.829,,,,,
,,,,10,,71.598,,,,,
,,,,11,,549.414,,,,,
,,,,12,,79.15,,,,,
,,,,13,,863.385,,,,,
,,,,14,,158.373,,,,,
,,,,15,,108.259,,,,,
JL190806-008,bim,W,JL,1,208.163,574.543,141.416,2784.564,140.911,671.739,
,,,,2,,170.558,,,,,
,,,,3,,900.628,,,,,
,,,,4,,57,,,,,
,,,,5,,26.077,,,,,
,,,,6,,600.704,,,,,
,,,,7,,77.466,,,,,
,,,,8,,202.309,,,,,
,,,,9,,47.297,,,,,
,,,,10,,73.082,,,,,
,,,,11,,564.571,,,,,
,,,,12,,62.67,,,,,
,,,,13,,887.054,,,,,
,,,,14,,174.771,,,,,
,,,,15,,128.876,,,,,
JL190806-004,bim,W,JL,1,247.544,678.552,139.933,2696.068,140.536,603.925,
,,,,2,,177.341,,,,,
,,,,3,,1019.7,,,,,
,,,,4,,63.977,,,,,
,,,,5,,29.12,,,,,
,,,,6,,686.358,,,,,
,,,,7,,111.4,,,,,
,,,,8,,239.126,,,,,
,,,,9,,56.921,,,,,
,,,,10,,76.402,,,,,
,,,,11,,626.878,,,,,
,,,,12,,89.319,,,,,
,,,,13,,989.326,,,,,
,,,,14,,217.497,,,,,
,,,,15,,133.522,,,,,
JL190716-005,bim,W,JL,1,314.026,672.643,69.642,986.522,68.869,257.527,
,,,,2,,173.623,,,,,
,,,,3,,966.175,,,,,
,,,,4,,63.008,,,,,
,,,,5,,27.659,,,,,
,,,,6,,634.95,,,,,
,,,,7,,104.139,,,,,
,,,,8,,234.271,,,,,
,,,,9,,57.28,,,,,
,,,,10,,96.202,,,,,
,,,,11,,604.372,,,,,
,,,,12,,64.081,,,,,
,,,,13,,993.715,,,,,
,,,,14,,202.272,,,,,
,,,,15,,144.139,,,,,
JL190703-014,bim,W,JL,1,242.922,648.077,68.494,1472.485,68.508,313.394,
,,,,2,,192.094,,,,,
,,,,3,,1054.485,,,,,
,,,,4,,66.121,,,,,
,,,,5,,28,,,,,
,,,,6,,695.881,,,,,
,,,,7,,104.043,,,,,
,,,,8,,249.214,,,,,
,,,,9,,59.169,,,,,
,,,,10,,79.632,,,,,
,,,,11,,618.116,,,,,
,,,,12,,63.042,,,,,
,,,,13,,1057.871,,,,,
,,,,14,,198.93,,,,,
,,,,15,,134.134,,,,,
JL190703-013,bim,W,JL,1,319.89,717.714,69.051,1121.294,68.421,253.393,
,,,,2,,180.469,,,,,
,,,,3,,1055.646,,,,,
,,,,4,,66.098,,,,,
,,,,5,,32.558,,,,,
,,,,6,,706.871,,,,,
,,,,7,,122.703,,,,,
,,,,8,,239.407,,,,,
,,,,9,,64.351,,,,,
,,,,10,,90.25,,,,,
,,,,11,,664.35,,,,,
,,,,12,,86.902,,,,,
,,,,13,,1046.655,,,,,
,,,,14,,210.09,,,,,
,,,,15,,134.837,,,,,
JL190703-012,bim,W,JL,1,218.894,599.488,68.99,1497.195,68.773,331.602,
,,,,2,,167.171,,,,,
,,,,3,,949.761,,,,,
,,,,4,,54.12,,,,,
,,,,5,,28.178,,,,,
,,,,6,,618.108,,,,,
,,,,7,,83.528,,,,,
,,,,8,,211.087,,,,,
,,,,9,,55.145,,,,,
,,,,10,,73.839,,,,,
,,,,11,,567.62,,,,,
,,,,12,,58.248,,,,,
,,,,13,,912.014,,,,,
,,,,14,,168.656,,,,,
,,,,15,,134.406,,,,,
JL190703-007,bim,W,JL,1,207.719,550.045,68.524,1331.787,69.519,304.631,
,,,,2,,152.958,,,,,
,,,,3,,836.967,,,,,
,,,,4,,53.226,,,,,
,,,,5,,28.284,,,,,
,,,,6,,543.805,,,,,
,,,,7,,82.565,,,,,
,,,,8,,194.759,,,,,
,,,,9,,48.754,,,,,
,,,,10,,77.776,,,,,
,,,,11,,487.763,,,,,
,,,,12,,63.503,,,,,
,,,,13,,760.161,,,,,
,,,,14,,159.364,,,,,
,,,,15,,108.259,,,,,
JL190628-005,bim,W,JL,1,213.545,602.24,69.007,1464.059,69.85,335.172,
,,,,2,,165.003,,,,,
,,,,3,,930.772,,,,,
,,,,4,,56,,,,,
,,,,5,,25,,,,,
,,,,6,,610.699,,,,,
,,,,7,,96.566,,,,,
,,,,8,,215.968,,,,,
,,,,9,,57.245,,,,,
,,,,10,,80.253,,,,,
,,,,11,,538.399,,,,,
,,,,12,,83.578,,,,,
,,,,13,,896.06,,,,,
,,,,14,,171.814,,,,,
,,,,15,,118.423,,,,,
JL190628-004,bim,W,JL,1,243.333,673.191,69.681,1386.046,68.341,325.994,
,,,,2,,171.828,,,,,
,,,,3,,968.833,,,,,
,,,,4,,61.612,,,,,
,,,,5,,33.734,,,,,
,,,,6,,650.411,,,,,
,,,,7,,101.237,,,,,
,,,,8,,223.658,,,,,
,,,,9,,61.351,,,,,
,,,,10,,84.983,,,,,
,,,,11,,609.036,,,,,
,,,,12,,86.386,,,,,
,,,,13,,963.169,,,,,
,,,,14,,176.672,,,,,
,,,,15,,129.634,,,,,
JL190627-001,bim,W,JL,1,255.68,571.594,72.067,998.955,68.58,262.8,
,,,,2,,158.455,,,,,
,,,,3,,878.627,,,,,
,,,,4,,55.362,,,,,
,,,,5,,30.083,,,,,
,,,,6,,565.355,,,,,
,,,,7,,94.085,,,,,
,,,,8,,218.278,,,,,
,,,,9,,52.154,,,,,
,,,,10,,75.212,,,,,
,,,,11,,549.233,,,,,
,,,,12,,82.083,,,,,
,,,,13,,874.835,,,,,
,,,,14,,181.604,,,,,
,,,,15,,117.047,,,,,
JL190619-009,bim,W,JL,1,240.424,627.456,69.766,1447.276,70.289,304.322,
,,,,2,,155.724,,,,,
,,,,3,,1002.577,,,,,
,,,,4,,63.285,,,,,
,,,,5,,26,,,,,
,,,,6,,663.116,,,,,
,,,,7,,76.922,,,,,
,,,,8,,232.797,,,,,
,,,,9,,56.921,,,,,
,,,,10,,68.043,,,,,
,,,,11,,555.519,,,,,
,,,,12,,108.321,,,,,
,,,,13,,935.826,,,,,
,,,,14,,186.389,,,,,
,,,,15,,133.66,,,,,
FJ190827-013,bim,W,JL,1,209.454,602.994,135.022,2890.028,133.633,639.141,
,,,,2,,157.08,,,,,
,,,,3,,924.342,,,,,
,,,,4,,55.145,,,,,
,,,,5,,26.019,,,,,
,,,,6,,624.167,,,,,
,,,,7,,75.06,,,,,
,,,,8,,196.102,,,,,
,,,,9,,42.202,,,,,
,,,,10,,68.96,,,,,
,,,,11,,554.834,,,,,
,,,,12,,48.27,,,,,
,,,,13,,898.389,,,,,
,,,,14,,178.734,,,,,
,,,,15,,121.066,,,,,
FJ190814-009,bim,W,JL,1,224.684,617.11,137.201,2569.275,133.827,483.903,
,,,,2,,160.012,,,,,
,,,,3,,950.642,,,,,
,,,,4,,60.415,,,,,
,,,,5,,29.411,,,,,
,,,,6,,630.233,,,,,
,,,,7,,94.366,,,,,
,,,,8,,225.656,,,,,
,,,,9,,52.345,,,,,
,,,,10,,69.235,,,,,
,,,,11,,569.004,,,,,
,,,,12,,101.304,,,,,
,,,,13,,920.245,,,,,
,,,,14,,199.459,,,,,
,,,,15,,135.532,,,,,
FJ190814-004,bim,W,JL,1,257.733,626.218,139.04,2410.28,144.03,505.542,
,,,,2,,156.924,,,,,
,,,,3,,954.87,,,,,
,,,,4,,58.249,,,,,
,,,,5,,28.636,,,,,
,,,,6,,624.09,,,,,
,,,,7,,89.286,,,,,
,,,,8,,206.257,,,,,
,,,,9,,55.036,,,,,
,,,,10,,71.72,,,,,
,,,,11,,559.336,,,,,
,,,,12,,67.885,,,,,
,,,,13,,934.732,,,,,
,,,,14,,181.077,,,,,
,,,,15,,131.7,,,,,
FJ190716-013,bim,W,JL,1,218.961,640.001,68.029,1468.277,68.007,370.864,
,,,,2,,156.862,,,,,
,,,,3,,970.201,,,,,
,,,,4,,60.166,,,,,
,,,,5,,28.231,,,,,
,,,,6,,651.676,,,,,
,,,,7,,89.677,,,,,
,,,,8,,220.76,,,,,
,,,,9,,58,,,,,
,,,,10,,76.432,,,,,
,,,,11,,596.242,,,,,
,,,,12,,74.275,,,,,
,,,,13,,923.14,,,,,
,,,,14,,185.173,,,,,
,,,,15,,129.711,,,,,
FJ190716-008,bim,W,,1,207.625,576.73,69.406,1539.159,68.173,344.42,
,,,,2,,154.208,,,,,
,,,,3,,876.72,,,,,
,,,,4,,56.223,,,,,
,,,,5,,25.08,,,,,
,,,,6,,554.937,,,,,
,,,,7,,89.443,,,,,
,,,,8,,207.308,,,,,
,,,,9,,52.887,,,,,
,,,,10,,75.184,,,,,
,,,,11,,543.281,,,,,
,,,,12,,66.99,,,,,
,,,,13,,867.651,,,,,
,,,,14,,166.292,,,,,
,,,,15,,113.534,,,,,
FJ190716-007,bim,W,JL,1,204.421,610.999,70.007,1591.031,68.455,388.5,
,,,,2,,189.552,,,,,
,,,,3,,1008.963,,,,,
,,,,4,,59.54,,,,,
,,,,5,,26.077,,,,,
,,,,6,,699.313,,,,,
,,,,7,,99.368,,,,,
,,,,8,,224.75,,,,,
,,,,9,,67.357,,,,,
,,,,10,,75.975,,,,,
,,,,11,,619.802,,,,,
,,,,12,,109.71,,,,,
,,,,13,,952.335,,,,,
,,,,14,,179.234,,,,,
,,,,15,,139.635,,,,,
FJ190716-004,bim,W,JL,1,299.629,647.714,68.949,1111.299,68.8,215.002,
,,,,2,,173.277,,,,,
,,,,3,,961.948,,,,,
,,,,4,,65.031,,,,,
,,,,5,,29.12,,,,,
,,,,6,,634.994,,,,,
,,,,7,,99.298,,,,,
,,,,8,,221.891,,,,,
,,,,9,,60.083,,,,,
,,,,10,,89.369,,,,,
,,,,11,,619.681,,,,,
,,,,12,,59.51,,,,,
,,,,13,,949.553,,,,,
,,,,14,,182.784,,,,,
,,,,15,,133.09,,,,,
FJ190719-012,bim,W,JL,1,254.196,606.031,,,,,
,,,,2,,182.784,,,,,
,,,,3,,926.852,,,,,
,,,,4,,60.166,,,,,
,,,,5,,25.08,,,,,
,,,,6,,633.007,,,,,
,,,,7,,96.047,,,,,
,,,,8,,205.472,,,,,
,,,,9,,55.009,,,,,
,,,,10,,75.698,,,,,
,,,,11,,541.901,,,,,
,,,,12,,61.133,,,,,
,,,,13,,890.863,,,,,
,,,,14,,162.865,,,,,
,,,,15,,129.124,,,,,
FJ190710-002,bim,M,JL,1,212.724,637.771,70.138,1314.666,67.925,355.128,
,,,,2,,163.414,,,,,
,,,,3,,1001.466,,,,,
,,,,4,,55.785,,,,,
,,,,5,,26.926,,,,,
,,,,6,,591.952,,,,,
,,,,7,,94.895,,,,,
,,,,8,,211.109,,,,,
,,,,9,,48.26,,,,,
,,,,10,,73.61,,,,,
,,,,11,,596.142,,,,,
,,,,12,,91.324,,,,,
,,,,13,,945.475,,,,,
,,,,14,,181.662,,,,,
,,,,15,,130.495,,,,,
FJ190715-001,bim,M,JL,1,218.241,627.995,68.878,1429.711,67.119,312.57,
,,,,2,,145.784,,,,,
,,,,3,,962.204,,,,,
,,,,4,,56.143,,,,,
,,,,5,,27.459,,,,,
,,,,6,,576.815,,,,,
,,,,7,,87.824,,,,,
,,,,8,,217.474,,,,,
,,,,9,,51.788,,,,,
,,,,10,,81.607,,,,,
,,,,11,,603.355,,,,,
,,,,12,,64.083,,,,,
,,,,13,,922.847,,,,,
,,,,14,,171.68,,,,,
,,,,15,,143.785,,,,,
FJ190814-001,bim,M,JL,1,210.055,571.848,137.552,2747.094,135.007,658.43,
,,,,2,,143.224,,,,,
,,,,3,,959.867,,,,,
,,,,4,,51.039,,,,,
,,,,5,,26.833,,,,,
,,,,6,,653.194,,,,,
,,,,7,,84.528,,,,,
,,,,8,,204.499,,,,,
,,,,9,,42.059,,,,,
,,,,10,,73.682,,,,,
,,,,11,,540.651,,,,,
,,,,12,,69.525,,,,,
,,,,13,,939.365,,,,,
,,,,14,,168.582,,,,,
,,,,15,,122.262,,,,,
FJ190814-003,bim,M,JL,1,210.844,612.67,137.747,3212.167,,,
,,,,2,,152.486,,,,,
,,,,3,,961.627,,,,,
,,,,4,,52.173,,,,,
,,,,5,,24.021,,,,,
,,,,6,,656.297,,,,,
,,,,7,,80.399,,,,,
,,,,8,,192.284,,,,,
,,,,9,,45.177,,,,,
,,,,10,,59.314,,,,,
,,,,11,,567.398,,,,,
,,,,12,,76.696,,,,,
,,,,13,,947.903,,,,,
,,,,14,,159.505,,,,,
,,,,15,,120.308,,,,,
FJ190814-005,bim,M,JL,1,213.528,600.053,138.881,2803.283,134.011,664.146,
,,,,2,,158.028,,,,,
,,,,3,,955.415,,,,,
,,,,4,,51.039,,,,,
,,,,5,,22.361,,,,,
,,,,6,,659.858,,,,,
,,,,7,,79.006,,,,,
,,,,8,,207.646,,,,,
,,,,9,,53.009,,,,,
,,,,10,,63.886,,,,,
,,,,11,,572.63,,,,,
,,,,12,,73.855,,,,,
,,,,13,,935.409,,,,,
,,,,14,,163.233,,,,,
,,,,15,,121.062,,,,,
FJ190822-006,bim,M,JL,1,222.415,603.523,69.692,1337.92,67.102,353.396,
,,,,2,,139.488,,,,,
,,,,3,,871.5,,,,,
,,,,4,,53.759,,,,,
,,,,5,,21.213,,,,,
,,,,6,,603.202,,,,,
,,,,7,,85.235,,,,,
,,,,8,,201.832,,,,,
,,,,9,,49.769,,,,,
,,,,10,,65.36,,,,,
,,,,11,,559.094,,,,,
,,,,12,,74.984,,,,,
,,,,13,,928.831,,,,,
,,,,14,,164.542,,,,,
,,,,15,,129.988,,,,,
FJ190822-007,bim,M,JL,1,201.876,592.035,71.028,1334.937,66.129,367.24,
,,,,2,,149.091,,,,,
,,,,3,,891.022,,,,,
,,,,4,,45.1,,,,,
,,,,5,,20.224,,,,,
,,,,6,,583.1,,,,,
,,,,7,,79.429,,,,,
,,,,8,,203.405,,,,,
,,,,9,,41.437,,,,,
,,,,10,,71.071,,,,,
,,,,11,,570.509,,,,,
,,,,12,,66.287,,,,,
,,,,13,,861.775,,,,,
,,,,14,,147.492,,,,,
,,,,15,,109.49,,,,,
FJ190827-005,bim,M,JL,1,214.308,622.097,137.964,3390.903,137.109,811.815,
,,,,2,,163.086,,,,,
,,,,3,,980.739,,,,,
,,,,4,,55.009,,,,,
,,,,5,,24.083,,,,,
,,,,6,,633.551,,,,,
,,,,7,,92.136,,,,,
,,,,8,,213.744,,,,,
,,,,9,,47.434,,,,,
,,,,10,,74.778,,,,,
,,,,11,,560.729,,,,,
,,,,12,,59.239,,,,,
,,,,13,,944.23,,,,,
,,,,14,,181.838,,,,,
,,,,15,,117,,,,,
FJ190827-006,bim,M,JL,1,211.328,614.689,138.515,2780.836,134.816,638.951,
,,,,2,,155.901,,,,,
,,,,3,,955.431,,,,,
,,,,4,,54.083,,,,,
,,,,5,,23.537,,,,,
,,,,6,,648.16,,,,,
,,,,7,,80.306,,,,,
,,,,8,,206.36,,,,,
,,,,9,,50,,,,,
,,,,10,,66.845,,,,,
,,,,11,,567.02,,,,,
,,,,12,,94.464,,,,,
,,,,13,,930.444,,,,,
,,,,14,,176.148,,,,,
,,,,15,,125.252,,,,,
FJ190828-004,bim,M,JL,1,214.865,599.708,141.392,2717.874,135.973,610.181,
,,,,2,,158.398,,,,,
,,,,3,,933.23,,,,,
,,,,4,,60.208,,,,,
,,,,5,,25.08,,,,,
,,,,6,,601.255,,,,,
,,,,7,,88.051,,,,,
,,,,8,,207.141,,,,,
,,,,9,,48.094,,,,,
,,,,10,,77.903,,,,,
,,,,11,,545.094,,,,,
,,,,12,,70.755,,,,,
,,,,13,,946.321,,,,,
,,,,14,,170.88,,,,,
,,,,15,,120.839,,,,,
JL190716-010,bim,M,JL,1,211.843,597.616,68.771,1386.763,68.16,330.097,
,,,,2,,158.685,,,,,
,,,,3,,909.892,,,,,
,,,,4,,55.785,,,,,
,,,,5,,22.204,,,,,
,,,,6,,618.571,,,,,
,,,,7,,84.929,,,,,
,,,,8,,211.213,,,,,
,,,,9,,48.083,,,,,
,,,,10,,73.52,,,,,
,,,,11,,564.554,,,,,
,,,,12,,73.396,,,,,
,,,,13,,885.041,,,,,
,,,,14,,161.645,,,,,
,,,,15,,122.184,,,,,
JL190806-002,bim,M,JL,1,212.728,624.623,141.547,2783.272,139.241,650.772,
,,,,2,,157.623,,,,,
,,,,3,,999.996,,,,,
,,,,4,,55.444,,,,,
,,,,5,,24.352,,,,,
,,,,6,,654.91,,,,,
,,,,7,,72.236,,,,,
,,,,8,,210.544,,,,,
,,,,9,,51.108,,,,,
,,,,10,,75.673,,,,,
,,,,11,,576.925,,,,,
,,,,12,,84.067,,,,,
,,,,13,,979.044,,,,,
,,,,14,,154.564,,,,,
,,,,15,,128.39,,,,,
JL190809-010,bim,M,JL,1,214.614,630.608,137.928,2768.855,136.243,683.006,
,,,,2,,158.619,,,,,
,,,,3,,964.86,,,,,
,,,,4,,55.785,,,,,
,,,,5,,22.136,,,,,
,,,,6,,660.228,,,,,
,,,,7,,84.38,,,,,
,,,,8,,199.525,,,,,
,,,,9,,52.393,,,,,
,,,,10,,62.69,,,,,
,,,,11,,609.939,,,,,
,,,,12,,64.787,,,,,
,,,,13,,934.763,,,,,
,,,,14,,161.05,,,,,
,,,,15,,124.615,,,,,
JL190809-011,bim,M,JL,1,211.618,605.343,138.323,2560.596,137.018,615.029,
,,,,2,,143.851,,,,,
,,,,3,,941.276,,,,,
,,,,4,,53.151,,,,,
,,,,5,,21.587,,,,,
,,,,6,,609.954,,,,,
,,,,7,,85.586,,,,,
,,,,8,,205.04,,,,,
,,,,9,,54.571,,,,,
,,,,10,,76.724,,,,,
,,,,11,,571.997,,,,,
,,,,12,,74.686,,,,,
,,,,13,,923.073,,,,,
,,,,14,,183.831,,,,,
,,,,15,,133.843,,,,,
DRA190709-003,bim,W,JL,1,259.154,624.679,68.623,1200.514,69.986,291.671,
,,,,2,,163.615,,,,,
,,,,3,,990.512,,,,,
,,,,4,,60.729,,,,,
,,,,5,,26.173,,,,,
,,,,6,,604.769,,,,,
,,,,7,,101.005,,,,,
,,,,8,,236.495,,,,,
,,,,9,,58.941,,,,,
,,,,10,,78.65,,,,,
,,,,11,,567.412,,,,,
,,,,12,,87.329,,,,,
,,,,13,,963.61,,,,,
,,,,14,,193.313,,,,,
,,,,15,,122.332,,,,,
DRA190709-010,bim,W,JL,1,247.213,599.688,67.301,1343.897,69.338,304.401,
,,,,2,,164.915,,,,,
,,,,3,,880.128,,,,,
,,,,4,,62.586,,,,,
,,,,5,,28.071,,,,,
,,,,6,,530.163,,,,,
,,,,7,,98.27,,,,,
,,,,8,,218.699,,,,,
,,,,9,,56.436,,,,,
,,,,10,,79.259,,,,,
,,,,11,,571.652,,,,,
,,,,12,,77.648,,,,,
,,,,13,,837.83,,,,,
,,,,14,,166.436,,,,,
,,,,15,,127.613,,,,,
DRA190709-011,bim,W,JL,1,212.461,554.658,69.626,1322.785,66.53,300.533,
,,,,2,,155.261,,,,,
,,,,3,,849.368,,,,,
,,,,4,,52.173,,,,,
,,,,5,,27.019,,,,,
,,,,6,,557.419,,,,,
,,,,7,,87.966,,,,,
,,,,8,,191.255,,,,,
,,,,9,,49.244,,,,,
,,,,10,,74.653,,,,,
,,,,11,,520.735,,,,,
,,,,12,,86.152,,,,,
,,,,13,,812.27,,,,,
,,,,14,,162.807,,,,,
,,,,15,,111.005,,,,,
DRA190709-012,bim,W,JL,1,248.255,605.188,69.872,1418.656,69.402,296.196,
,,,,2,,158.902,,,,,
,,,,3,,931.261,,,,,
,,,,4,,57.271,,,,,
,,,,5,,26.571,,,,,
,,,,6,,607.782,,,,,
,,,,7,,91.81,,,,,
,,,,8,,209.231,,,,,
,,,,9,,53.339,,,,,
,,,,10,,67.736,,,,,
,,,,11,,558.427,,,,,
,,,,12,,83.762,,,,,
,,,,13,,927.982,,,,,
,,,,14,,176.006,,,,,
,,,,15,,139.488,,,,,
DRA190719-001,bim,W,JL,1,235.066,631.915,,,,,
,,,,2,,177.406,,,,,
,,,,3,,1000.368,,,,,
,,,,4,,60.208,,,,,
,,,,5,,26.476,,,,,
,,,,6,,619.234,,,,,
,,,,7,,104,,,,,
,,,,8,,221.252,,,,,
,,,,9,,59.933,,,,,
,,,,10,,82.977,,,,,
,,,,11,,587.9,,,,,
,,,,12,,71.554,,,,,
,,,,13,,918.832,,,,,
,,,,14,,187.409,,,,,
,,,,15,,129.016,,,,,
FJ190619-008,bim,W,,1,261.555,658.614,69.782,1460.21,68.778,335.452,
,,,,2,,184.177,,,,,
,,,,3,,845.478,,,,,
,,,,4,,59.034,,,,,
,,,,5,,30.806,,,,,
,,,,6,,560.656,,,,,
,,,,7,,95.273,,,,,
,,,,8,,183.611,,,,,
,,,,9,,53.759,,,,,
,,,,10,,66.61,,,,,
,,,,11,,586.192,,,,,
,,,,12,,85.95,,,,,
,,,,13,,840.865,,,,,
,,,,14,,207.964,,,,,
,,,,15,,139.714,,,,,
FJ190621-001,bim,W,JL,1,306.285,706.259,70.688,1186.369,70.47,264.394,
,,,,2,,184.981,,,,,
,,,,3,,1076.851,,,,,
,,,,4,,70.859,,,,,
,,,,5,,34.176,,,,,
,,,,6,,692.629,,,,,
,,,,7,,111.826,,,,,
,,,,8,,246.082,,,,,
,,,,9,,64.56,,,,,
,,,,10,,89.277,,,,,
,,,,11,,626.626,,,,,
,,,,12,,95.393,,,,,
,,,,13,,1023.622,,,,,
,,,,14,,218.403,,,,,
,,,,15,,146.874,,,,,
FJ190627-001,bim,W,JL,1,252.712,599.164,69.693,1162.196,69.688,267.268,
,,,,2,,158.114,,,,,
,,,,3,,912.228,,,,,
,,,,4,,59.034,,,,,
,,,,5,,26.077,,,,,
,,,,6,,581.003,,,,,
,,,,7,,83.169,,,,,
,,,,8,,207.389,,,,,
,,,,9,,57.585,,,,,
,,,,10,,62.035,,,,,
,,,,11,,535.36,,,,,
,,,,12,,75.204,,,,,
,,,,13,,871.8,,,,,
,,,,14,,173.066,,,,,
,,,,15,,122.332,,,,,
FJ190628-003,bim,W,JL,1,254.492,651.503,69.05,1223.19,69.479,307.584,
,,,,2,,181.417,,,,,
,,,,3,,933.943,,,,,
,,,,4,,61.098,,,,,
,,,,5,,32.696,,,,,
,,,,6,,630.675,,,,,
,,,,7,,104.48,,,,,
,,,,8,,223.493,,,,,
,,,,9,,62.394,,,,,
,,,,10,,75.597,,,,,
,,,,11,,594.008,,,,,
,,,,12,,83.192,,,,,
,,,,13,,954.071,,,,,
,,,,14,,197.03,,,,,
,,,,15,,132.981,,,,,
FJ190628-004,bim,W,JL,1,258.227,678.05,70.581,1261.772,71.253,302.06,
,,,,2,,182.562,,,,,
,,,,3,,1038.464,,,,,
,,,,4,,68.622,,,,,
,,,,5,,30.594,,,,,
,,,,6,,691.302,,,,,
,,,,7,,93.193,,,,,
,,,,8,,232.758,,,,,
,,,,9,,58.078,,,,,
,,,,10,,57.061,,,,,
,,,,11,,627.026,,,,,
,,,,12,,77.08,,,,,
,,,,13,,1019.316,,,,,
,,,,14,,203.806,,,,,
,,,,15,,147.709,,,,,
FJ190628-005,bim,W,JL,1,258.987,673.439,69.359,1042.33,70.359,297.516,
,,,,2,,172.026,,,,,
,,,,3,,976.195,,,,,
,,,,4,,52.355,,,,,
,,,,5,,30.083,,,,,
,,,,6,,639.823,,,,,
,,,,7,,101.98,,,,,
,,,,8,,223.828,,,,,
,,,,9,,59.464,,,,,
,,,,10,,85.079,,,,,
,,,,11,,635.012,,,,,
,,,,12,,70.049,,,,,
,,,,13,,957.261,,,,,
,,,,14,,191.343,,,,,
,,,,15,,138.13,,,,,
FJ190628-007,bim,W,JL,1,214.453,590.339,,,,,
,,,,2,,153.525,,,,,
,,,,3,,938.313,,,,,
,,,,4,,59.034,,,,,
,,,,5,,28.178,,,,,
,,,,6,,606.553,,,,,
,,,,7,,88.119,,,,,
,,,,8,,208.44,,,,,
,,,,9,,52.202,,,,,
,,,,10,,68.205,,,,,
,,,,11,,547.659,,,,,
,,,,12,,89.727,,,,,
,,,,13,,890.654,,,,,
,,,,14,,170.135,,,,,
,,,,15,,117.546,,,,,
FJ190628-011,bim,W,JL,1,241.99,651.028,69.942,1365.872,69.024,325.558,
,,,,2,,170.602,,,,,
,,,,3,,974.216,,,,,
,,,,4,,59.481,,,,,
,,,,5,,27.459,,,,,
,,,,6,,591.75,,,,,
,,,,7,,94.112,,,,,
,,,,8,,217.569,,,,,
,,,,9,,56.294,,,,,
,,,,10,,81.086,,,,,
,,,,11,,598.874,,,,,
,,,,12,,69.744,,,,,
,,,,13,,953.303,,,,,
,,,,14,,169.198,,,,,
,,,,15,,123.491,,,,,
FJ190628-012,bim,W,JL,1,253.528,622.306,71.124,1287.037,69.811,305.182,
,,,,2,,173.669,,,,,
,,,,3,,936.136,,,,,
,,,,4,,57.559,,,,,
,,,,5,,28,,,,,
,,,,6,,573.351,,,,,
,,,,7,,98.671,,,,,
,,,,8,,222.931,,,,,
,,,,9,,55.471,,,,,
,,,,10,,80.144,,,,,
,,,,11,,584.983,,,,,
,,,,12,,71.86,,,,,
,,,,13,,890.751,,,,,
,,,,14,,174.471,,,,,
,,,,15,,127.012,,,,,
FJ190628-013,bim,W,JL,1,249.103,659.735,68.336,1353.854,71.048,315.246,
,,,,2,,178.941,,,,,
,,,,3,,986.662,,,,,
,,,,4,,65,,,,,
,,,,5,,29.732,,,,,
,,,,6,,622.03,,,,,
,,,,7,,102.591,,,,,
,,,,8,,222.375,,,,,
,,,,9,,64.133,,,,,
,,,,10,,69.419,,,,,
,,,,11,,596.896,,,,,
,,,,12,,73.831,,,,,
,,,,13,,949.682,,,,,
,,,,14,,194.99,,,,,
,,,,15,,148.679,,,,,
FJ190703-005,bim,W,,1,256.932,646.22,69.726,1451.37,68.869,308.084,
,,,,2,,186.253,,,,,
,,,,3,,1012.525,,,,,
,,,,4,,64.07,,,,,
,,,,5,,33.061,,,,,
,,,,6,,571.957,,,,,
,,,,7,,100.245,,,,,
,,,,8,,240.487,,,,,
,,,,9,,62.626,,,,,
,,,,10,,87.76,,,,,
,,,,11,,568.285,,,,,
,,,,12,,96.66,,,,,
,,,,13,,952.16,,,,,
,,,,14,,176.706,,,,,
,,,,15,,167.765,,,,,
FJ190703-006,bim,W,JL,1,311.048,693.179,68.819,1060.226,68.592,284.155,
,,,,2,,203.983,,,,,
,,,,3,,958.767,,,,,
,,,,4,,74.465,,,,,
,,,,5,,28.653,,,,,
,,,,6,,576.05,,,,,
,,,,7,,113.864,,,,,
,,,,8,,236.286,,,,,
,,,,9,,68.884,,,,,
,,,,10,,89.227,,,,,
,,,,11,,641.711,,,,,
,,,,12,,108.694,,,,,
,,,,13,,923.866,,,,,
,,,,14,,205.828,,,,,
,,,,15,,134.134,,,,,
FJ190705-002,bim,W,JL,1,253.386,607.631,69.462,1267.059,70.064,273.591,
,,,,2,,145.523,,,,,
,,,,3,,895.668,,,,,
,,,,4,,61,,,,,
,,,,5,,24.739,,,,,
,,,,6,,599.742,,,,,
,,,,7,,97.144,,,,,
,,,,8,,212.139,,,,,
,,,,9,,51.546,,,,,
,,,,10,,72.08,,,,,
,,,,11,,584.511,,,,,
,,,,12,,66.369,,,,,
,,,,13,,870.316,,,,,
,,,,14,,155.708,,,,,
,,,,15,,118.14,,,,,
FJ190705-004,bim,W,JL,1,310.209,711.258,70.404,1215.222,68.316,279.292,
,,,,2,,177.722,,,,,
,,,,3,,1025.507,,,,,
,,,,4,,70.228,,,,,
,,,,5,,31.016,,,,,
,,,,6,,637.6,,,,,
,,,,7,,100.603,,,,,
,,,,8,,244.057,,,,,
,,,,9,,66.37,,,,,
,,,,10,,86.084,,,,,
,,,,11,,698.584,,,,,
,,,,12,,76.542,,,,,
,,,,13,,978.98,,,,,
,,,,14,,189.874,,,,,
,,,,15,,148.946,,,,,
FJ190709-006,bim,W,JL,1,213.689,542.698,71.309,1393.892,69.719,286.803,
,,,,2,,146.509,,,,,
,,,,3,,847.157,,,,,
,,,,4,,56.569,,,,,
,,,,5,,23.77,,,,,
,,,,6,,543.796,,,,,
,,,,7,,91,,,,,
,,,,8,,197.096,,,,,
,,,,9,,48.765,,,,,
,,,,10,,70.537,,,,,
,,,,11,,493.66,,,,,
,,,,12,,100.246,,,,,
,,,,13,,808.561,,,,,
,,,,14,,165.529,,,,,
,,,,15,,127.142,,,,,
FJ190612-001,bim,W,JL,1,158.029,336.788,70.007,972.233,69.181,228.239,its.no.tilt; fuzzy part near the top; fur.yes
,,,,2,,82.573,,,,,
,,,,3,,485.339,,,,,
,,,,4,,30.364,,,,,
,,,,5,,15.133,,,,,
,,,,6,,323.977,,,,,
,,,,7,,49.93,,,,,
,,,,8,,115.033,,,,,
,,,,9,,24.187,,,,,
,,,,10,,47.621,,,,,
,,,,11,,305.103,,,,,
,,,,12,,44,,,,,
,,,,13,,477.815,,,,,
,,,,14,,102.46,,,,,
,,,,15,,74.093,,,,,
FJ190619-005,bim,W,JL,1,128.418,313.368,68.41675,1270.071,69.137,280.444,its.no.tilt; fur.yes
,,,,2,,85.567,,,,,
,,,,3,,474.657,,,,,
,,,,4,,29.155,,,,,
,,,,5,,17.117,,,,,
,,,,6,,308.501,,,,,
,,,,7,,41.761,,,,,
,,,,8,,113.323,,,,,
,,,,9,,31,,,,,
,,,,10,,38.745,,,,,
,,,,11,,290.167,,,,,
,,,,12,,44.765,,,,,
,,,,13,,467.135,,,,,
,,,,14,,85.44,,,,,
,,,,15,,72.56,,,,,
FJ190709-004,bim,W,JL,1,110.346,321.174,69.469,1263.53,68.696,307.117,its.large.tilt; fur.yes
,,,,2,,102.611,,,,,
,,,,3,,497.531,,,,,
,,,,4,,27.019,,,,,
,,,,5,,12.083,,,,,
,,,,6,,317.515,,,,,
,,,,7,,47.76,,,,,
,,,,8,,117.128,,,,,
,,,,9,,27.295,,,,,
,,,,10,,40.19,,,,,
,,,,11,,295.296,,,,,
,,,,12,,35.564,,,,,
,,,,13,,442.5,,,,,
,,,,14,,82.347,,,,,
,,,,15,,75.06,,,,,
FJ190709-010,bim,W,JL,1,106.845,295.081,69.499,1248.354,71.063,320.1,its.no.tilt; fur.yes
,,,,2,,78.791,,,,,
,,,,3,,444.514,,,,,
,,,,4,,25.962,,,,,
,,,,5,,11.18,,,,,
,,,,6,,300.449,,,,,
,,,,7,,49.041,,,,,
,,,,8,,99,,,,,
,,,,9,,24.021,,,,,
,,,,10,,35.009,,,,,
,,,,11,,263.752,,,,,
,,,,12,,36.284,,,,,
,,,,13,,427.643,,,,,
,,,,14,,81.394,,,,,
,,,,15,,61.685,,,,,
FJ190709-007,bim,W,JL,1,102.554,293.068,68.494,1364.395,66.831,291.359,its.no.tilt; fur.yes
,,,,2,,79.63,,,,,
,,,,3,,436.489,,,,,
,,,,4,,28.16,,,,,
,,,,5,,11.045,,,,,
,,,,6,,298.447,,,,,
,,,,7,,42.012,,,,,
,,,,8,,103.02,,,,,
,,,,9,,29.017,,,,,
,,,,10,,32.498,,,,,
,,,,11,,268.034,,,,,
,,,,12,,38.908,,,,,
,,,,13,,418.706,,,,,
,,,,14,,82.462,,,,,
,,,,15,,61.131,,,,,
FJ190709-005,bim,W,JL,1,159.901,464.307,67.983,1437.548,69.214,315.671,its.large.tilt; fur.yes
,,,,2,,118.609,,,,,
,,,,3,,704.569,,,,,
,,,,4,,44.011,,,,,
,,,,5,,17.029,,,,,
,,,,6,,475.784,,,,,
,,,,7,,66.483,,,,,
,,,,8,,167.06,,,,,
,,,,9,,42.579,,,,,
,,,,10,,58.326,,,,,
,,,,11,,429.848,,,,,
,,,,12,,50.073,,,,,
,,,,13,,644.641,,,,,
,,,,14,,115.802,,,,,
,,,,15,,115.109,,,,,
PRM190709-001,bor,W,JL,1,151.345,438.456,68.969,1387.557,67.469,334.311,its.slight.tilt; fur.yes
,,,,2,,120,,,,,
,,,,3,,701.111,,,,,
,,,,4,,37.947,,,,,
,,,,5,,24.759,,,,,
,,,,6,,468.469,,,,,
,,,,7,,63.695,,,,,
,,,,8,,151.695,,,,,
,,,,9,,34.482,,,,,
,,,,10,,61.559,,,,,
,,,,11,,407.59,,,,,
,,,,12,,70.63,,,,,
,,,,13,,642.959,,,,,
,,,,14,,118.474,,,,,
,,,,15,,90.094,,,,,
FJ190703-003,bor,Q,JL,1,87.069,335.716,69.008,1541.644,66.355,403.113,its.large.tilt; fur.yes
,,,,2,,97.309,,,,,
,,,,3,,514.791,,,,,
,,,,4,,31.113,,,,,
,,,,5,,14.142,,,,,
,,,,6,,356.168,,,,,
,,,,7,,51.196,,,,,
,,,,8,,107.858,,,,,
,,,,9,,25.318,,,,,
,,,,10,,39.766,,,,,
,,,,11,,320.34,,,,,
,,,,12,,43.759,,,,,
,,,,13,,484.753,,,,,
,,,,14,,89.359,,,,,
,,,,15,,64.382,,,,,
JL190628-003,bor,Q,JL,1,93.393,366.411,88.505,1929.847,69.134,476.403,its.no.tilt; fur.yes
,,,,2,,103.276,,,,,
,,,,3,,545.741,,,,,
,,,,4,,32.802,,,,,
,,,,5,,14.142,,,,,
,,,,6,,378.069,,,,,
,,,,7,,50.567,,,,,
,,,,8,,107.501,,,,,
,,,,9,,26,,,,,
,,,,10,,40.518,,,,,
,,,,11,,325.707,,,,,
,,,,12,,43.309,,,,,
,,,,13,,524.015,,,,,
,,,,14,,90.006,,,,,
,,,,15,,67.941,,,,,
MY190619-004,bor,Q,JL,1,81.492,330.055,63.561,1744.974,65.114,451.004,its.large.tilt; fur.yes
,,,,2,,95,,,,,
,,,,3,,456.243,,,,,
,,,,4,,25.495,,,,,
,,,,5,,10.44,,,,,
,,,,6,,327.332,,,,,
,,,,7,,42.19,,,,,
,,,,8,,92.292,,,,,
,,,,9,,24.083,,,,,
,,,,10,,37.75,,,,,
,,,,11,,314.479,,,,,
,,,,12,,36.787,,,,,
,,,,13,,455.522,,,,,
,,,,14,,89.051,,,,,
,,,,15,,67.007,,,,,
DRA190709-004,imp,W,JL,1,154.883,354.813,72.5105,1210.703,68.899,296.985,its.no.tilt; fur.yes
,,,,2,,111.328,,,,,
,,,,3,,499.754,,,,,
,,,,4,,37.336,,,,,
,,,,5,,19.799,,,,,
,,,,6,,327.397,,,,,
,,,,7,,51.847,,,,,
,,,,8,,123.39,,,,,
,,,,9,,31.765,,,,,
,,,,10,,46.473,,,,,
,,,,11,,312.477,,,,,
,,,,12,,42.161,,,,,
,,,,13,,467.077,,,,,
,,,,14,,110.386,,,,,
,,,,15,,75,,,,,
FJ190703-013,imp,W,JL,1,160.733,361.624,68.884,1244.474,70.214,292.542,its.slight.tilt; fur.yes - there's a little bit of a fuzzy part at the base of the glossa
,,,,2,,112.539,,,,,
,,,,3,,500.171,,,,,
,,,,4,,36.125,,,,,
,,,,5,,18.358,,,,,
,,,,6,,349.666,,,,,
,,,,7,,59.169,,,,,
,,,,8,,122.094,,,,,
,,,,9,,32.202,,,,,
,,,,10,,45.651,,,,,
,,,,11,,323.289,,,,,
,,,,12,,53.751,,,,,
,,,,13,,482.407,,,,,
,,,,14,,90.089,,,,,
,,,,15,,73,,,,,
FJ190710-004,imp,W,JL,1,125.246,318.347,68.924,1273.983,66.477,362.006,its.no.tilt; fur.yes
,,,,2,,104.403,,,,,
,,,,3,,478.121,,,,,
,,,,4,,32.65,,,,,
,,,,5,,17.464,,,,,
,,,,6,,308.78,,,,,
,,,,7,,49.396,,,,,
,,,,8,,105.771,,,,,
,,,,9,,30.871,,,,,
,,,,10,,36.105,,,,,
,,,,11,,285.491,,,,,
,,,,12,,37.074,,,,,
,,,,13,,440.999,,,,,
,,,,14,,93.381,,,,,
,,,,15,,71.868,,,,,
FJ190705-005,imp,W,JL,1,153.089,363.607,68.601,1231.307,69.08,299.282,its.slight.tilt; fur.yes
,,,,2,,117.273,,,,,
,,,,3,,545.276,,,,,
,,,,4,,39.115,,,,,
,,,,5,,23.345,,,,,
,,,,6,,325.484,,,,,
,,,,7,,56.294,,,,,
,,,,8,,123.412,,,,,
,,,,9,,33.377,,,,,
,,,,10,,51.796,,,,,
,,,,11,,323.798,,,,,
,,,,12,,52.025,,,,,
,,,,13,,514.042,,,,,
,,,,14,,114.215,,,,,
,,,,15,,78.918,,,,,
FJ190627-003,imp,Q,JL,1,96.89,331.557,164.896,4196.446,68.867,485.057,its.no.tilt; fur.yes
,,,,2,,113.053,,,,,
,,,,3,,523.928,,,,,
,,,,4,,31,,,,,
,,,,5,,20.248,,,,,
,,,,6,,327.196,,,,,
,,,,7,,48.384,,,,,
,,,,8,,104.432,,,,,
,,,,9,,24.352,,,,,
,,,,10,,39.408,,,,,
,,,,11,,308.974,,,,,
,,,,12,,41.25,,,,,
,,,,13,,473.955,,,,,
,,,,14,,92.801,,,,,
,,,,15,,87.023,,,,,
FJ190619-007,tern,W,JL,1,158.081,344.524,68.686,1177.335,69.903,296.589,its.no.tilt; fur.yes
,,,,2,,97.745,,,,,
,,,,3,,465.928,,,,,
,,,,4,,33.615,,,,,
,,,,5,,12.53,,,,,
,,,,6,,288.688,,,,,
,,,,7,,43.681,,,,,
,,,,8,,123.222,,,,,
,,,,9,,32.249,,,,,
,,,,10,,41.3,,,,,
,,,,11,,302.002,,,,,
,,,,12,,39.742,,,,,
,,,,13,,464.186,,,,,
,,,,14,,87.281,,,,,
,,,,15,,74.813,,,,,
JL190703-006,tern,W,JL,1,158.055,336.043,65.622,1311.917,68.404,251.098,its.slight.tilt; fur.yes
,,,,2,,104.69,,,,,
,,,,3,,438.731,,,,,
,,,,4,,34.132,,,,,
,,,,5,,17.464,,,,,
,,,,6,,289.862,,,,,
,,,,7,,47.413,,,,,
,,,,8,,114.492,,,,,
,,,,9,,32.311,,,,,
,,,,10,,46.573,,,,,
,,,,11,,297.955,,,,,
,,,,12,,46.263,,,,,
,,,,13,,443.858,,,,,
,,,,14,,91.984,,,,,
,,,,15,,66.219,,,,,
JL190703-011,tern,W,JL,1,152.676,312.922,68.552,1135.044,69.194,229.059,its.slight.tilt; fur.yes
,,,,2,,98.478,,,,,
,,,,3,,378.587,,,,,
,,,,4,,32.757,,,,,
,,,,5,,19,,,,,
,,,,6,,264.613,,,,,
,,,,7,,48.26,,,,,
,,,,8,,109.317,,,,,
,,,,9,,34.655,,,,,
,,,,10,,45.005,,,,,
,,,,11,,283.27,,,,,
,,,,12,,41.898,,,,,
,,,,13,,409.06,,,,,
,,,,14,,109.005,,,,,
,,,,15,,82.298,,,,,
FJ190628-006,tern,W,JL,1,160.462,352.165,160.186,2367.158,69.173,286.351,its.no.tilt; fur.yes
,,,,2,,115.434,,,,,
,,,,3,,496.534,,,,,
,,,,4,,34.713,,,,,
,,,,5,,19.849,,,,,
,,,,6,,318.198,,,,,
,,,,7,,47.885,,,,,
,,,,8,,112.375,,,,,
,,,,9,,31.305,,,,,
,,,,10,,45.695,,,,,
,,,,11,,322.118,,,,,
,,,,12,,49.138,,,,,
,,,,13,,470.135,,,,,
,,,,14,,106.212,,,,,
,,,,15,,76.655,,,,,
MY190619-003,tern,W,JL,1,158.555,365.568,67.672,1073.676,69.256,242.86,its.slight.tilt; fur.yes
,,,,2,,115.317,,,,,
,,,,3,,487.81,,,,,
,,,,4,,31.575,,,,,
,,,,5,,21.587,,,,,
,,,,6,,302.185,,,,,
,,,,7,,53.814,,,,,
,,,,8,,120.502,,,,,
,,,,9,,34.059,,,,,
,,,,10,,44.802,,,,,
,,,,11,,325.088,,,,,
,,,,12,,56.061,,,,,
,,,,13,,482.148,,,,,
,,,,14,,100.955,,,,,
,,,,15,,76.158,,,,,
FJ190619-004,tern,W,JL,1,160.044,329.273,67.702,1077.794,69.818,246.389,its.large.tilt; fur.yes
,,,,2,,96.768,,,,,
,,,,3,,438.519,,,,,
,,,,4,,31.78,,,,,
,,,,5,,15.264,,,,,
,,,,6,,288.007,,,,,
,,,,7,,49.01,,,,,
,,,,8,,101.193,,,,,
,,,,9,,33,,,,,
,,,,10,,38.803,,,,,
,,,,11,,296.061,,,,,
,,,,12,,47.014,,,,,
,,,,13,,420.676,,,,,
,,,,14,,99.96,,,,,
,,,,15,,73.682,,,,,
FJ190619-006,terri,W,JL,1,166.729,381.608,53.48,1067.89,68.046,325.394,its.large.tilt; fur.no
,,,,2,,150.083,,,,,
,,,,3,,501.159,,,,,
,,,,4,,41.231,,,,,
,,,,5,,19.416,,,,,
,,,,6,,299.908,,,,,
,,,,7,,69.029,,,,,
,,,,8,,132.174,,,,,
,,,,9,,34.205,,,,,
,,,,10,,53.362,,,,,
,,,,11,,322.816,,,,,
,,,,12,,40.013,,,,,
,,,,13,,472.081,,,,,
,,,,14,,129.004,,,,,
,,,,15,,108.467,,,,,
JL190703-009,terri,W,JL,1,160.805,401.001,95.626,1600.437,67.612,372.038,its.large.tilt; fur.yes
,,,,2,,155.862,,,,,
,,,,3,,523.637,,,,,
,,,,4,,40.46,,,,,
,,,,5,,18.974,,,,,
,,,,6,,320.077,,,,,
,,,,7,,58.258,,,,,
,,,,8,,133.292,,,,,
,,,,9,,34.655,,,,,
,,,,10,,54.745,,,,,
,,,,11,,370.667,,,,,
,,,,12,,47.194,,,,,
,,,,13,,503.012,,,,,
,,,,14,,129.19,,,,,
,,,,15,,85.615,,,,,
JL190703-010,terri,W,JL,1,157.337,367.001,73.181,1386.299,68.451,323.006,its.no.tilt; fur.yes
,,,,2,,122.004,,,,,
,,,,3,,483.221,,,,,
,,,,4,,38.328,,,,,
,,,,5,,16.279,,,,,
,,,,6,,292,,,,,
,,,,7,,60.133,,,,,
,,,,8,,123.228,,,,,
,,,,9,,38.013,,,,,
,,,,10,,51.585,,,,,
,,,,11,,332.988,,,,,
,,,,12,,52.545,,,,,
,,,,13,,465.655,,,,,
,,,,14,,113.701,,,,,
,,,,15,,89.006,,,,,
JL190711-006,terri,W,JL,1,153.902,372.646,82.338,1471.101,68.171,319.39,its.large.tilt; fur.yes
,,,,2,,125.936,,,,,
,,,,3,,491.255,,,,,
,,,,4,,36.401,,,,,
,,,,5,,20.591,,,,,
,,,,6,,305.693,,,,,
,,,,7,,54.781,,,,,
,,,,8,,124.273,,,,,
,,,,9,,39.925,,,,,
,,,,10,,54.502,,,,,
,,,,11,,333.73,,,,,
,,,,12,,42.225,,,,,
,,,,13,,485.571,,,,,
,,,,14,,113.172,,,,,
,,,,15,,87.664,,,,,
JL190711-005,terri,W,JL,1,158.504,372.368,73.892,1678.385,67.34,317.907,its.no.tilt; fur.yes
,,,,2,,115.694,,,,,
,,,,3,,471.918,,,,,
,,,,4,,37.108,,,,,
,,,,5,,18,,,,,
,,,,6,,287.139,,,,,
,,,,7,,59.506,,,,,
,,,,8,,118.914,,,,,
,,,,9,,37.336,,,,,
,,,,10,,50.608,,,,,
,,,,11,,331.76,,,,,
,,,,12,,50.257,,,,,
,,,,13,,466.882,,,,,
,,,,14,,113.071,,,,,
,,,,15,,87.144,,,,,
FJ190703-001,vag,W,JL,1,152.816,339.45,70.43,1227.547,68.521,240.301,its.slight.tilt; fur.yes
,,,,2,,104.403,,,,,
,,,,3,,560.713,,,,,
,,,,4,,38.419,,,,,
,,,,5,,16,,,,,
,,,,6,,312.194,,,,,
,,,,7,,52.498,,,,,
,,,,8,,104.337,,,,,
,,,,9,,28.018,,,,,
,,,,10,,48.125,,,,,
,,,,11,,308.972,,,,,
,,,,12,,49.603,,,,,
,,,,13,,435.758,,,,,
,,,,14,,94.005,,,,,
,,,,15,,83.546,,,,,
FJ190703-007,vag,W,JL,1,160.274,390.79,67.723,1040.597,67.841,297.188,its.no.tilt; fur.no
,,,,2,,135.794,,,,,
,,,,3,,586.629,,,,,
,,,,4,,38.484,,,,,
,,,,5,,18.028,,,,,
,,,,6,,341.533,,,,,
,,,,7,,57.983,,,,,
,,,,8,,140.84,,,,,
,,,,9,,37.736,,,,,
,,,,10,,57.116,,,,,
,,,,11,,358.776,,,,,
,,,,12,,60.686,,,,,
,,,,13,,536.683,,,,,
,,,,14,,119.971,,,,,
,,,,15,,89.554,,,,,
MT190709-001,vag,W,JL,1,153.909,351.71,69.041,1266.771,68.424,276.007,its.no.tilt; fur.yes
,,,,2,,94.921,,,,,
,,,,3,,486.971,,,,,
,,,,4,,36.235,,,,,
,,,,5,,12.042,,,,,
,,,,6,,302.344,,,,,
,,,,7,,49.93,,,,,
,,,,8,,112.913,,,,,
,,,,9,,30.232,,,,,
,,,,10,,46.331,,,,,
,,,,11,,315.572,,,,,
,,,,12,,42.546,,,,,
,,,,13,,450.177,,,,,
,,,,14,,103.942,,,,,
,,,,15,,89.627,,,,,
JMS190709-001,vag,W,JL,1,160.036,339.779,68.118,1220.508,68.136,263.643,its.no.tilt; fur.yes
,,,,2,,114.28,,,,,
,,,,3,,501.464,,,,,
,,,,4,,37.736,,,,,
,,,,5,,21.26,,,,,
,,,,6,,304.217,,,,,
,,,,7,,55.317,,,,,
,,,,8,,116.765,,,,,
,,,,9,,34.713,,,,,
,,,,10,,51.24,,,,,
,,,,11,,319.916,,,,,
,,,,12,,41.238,,,,,
,,,,13,,456.06,,,,,
,,,,14,,103.576,,,,,
,,,,15,,70.178,,,,,
PF190709-001,vag,W,JL,1,158.8,357.337,67.971,987.888,68.02,272.765,its.no.tilt; fur.yes
,,,,2,,96.026,,,,,
,,,,3,,496.171,,,,,
,,,,4,,32.202,,,,,
,,,,5,,17.205,,,,,
,,,,6,,310.961,,,,,
,,,,7,,52.326,,,,,
,,,,8,,114.438,,,,,
,,,,9,,34.67,,,,,
,,,,10,,49.395,,,,,
,,,,11,,315.317,,,,,
,,,,12,,47.236,,,,,
,,,,13,,463.202,,,,,
,,,,14,,101.833,,,,,
,,,,15,,83.678,,,,,
PF190724-006,vag,W,JL,1,134.672,321.002,67.949,1289.015,69.074,295.1,fur.yes; its.slight.tilt
,,,,2,,104.019,,,,,
,,,,3,,459.595,,,,,
,,,,4,,31.016,,,,,
,,,,5,,13.601,,,,,
,,,,6,,302.926,,,,,
,,,,7,,40.112,,,,,
,,,,8,,105.122,,,,,
,,,,9,,30.414,,,,,
,,,,10,,41.27,,,,,
,,,,11,,291.803,,,,,
,,,,12,,41.915,,,,,
,,,,13,,440.595,,,,,
,,,,14,,97.082,,,,,
,,,,15,,72,,,,,
PF190718-001,vag,W,JL,1,122.641,313.002,68.217,1108.9,67.286,277.908,fur.yes; its.large.tilt
,,,,2,,102.616,,,,,
,,,,3,,434.813,,,,,
,,,,4,,28.16,,,,,
,,,,5,,14.036,,,,,
,,,,6,,278.029,,,,,
,,,,7,,43.012,,,,,
,,,,8,,106.636,,,,,
,,,,9,,24.083,,,,,
,,,,10,,37.838,,,,,
,,,,11,,274.308,,,,,
,,,,12,,30.465,,,,,
,,,,13,,417.22,,,,,
,,,,14,,83.63,,,,,
,,,,15,,68.007,,,,,
DRA190709-009,vag,W,JL,1,157.179,385.44,69.291,1263.265,69.01,243.019,its.large.tilt; fur.yes
,,,,2,,114.894,,,,,
,,,,3,,546.874,,,,,
,,,,4,,36.401,,,,,
,,,,5,,17.889,,,,,
,,,,6,,366.836,,,,,
,,,,7,,53.075,,,,,
,,,,8,,132.322,,,,,
,,,,9,,35.468,,,,,
,,,,10,,54.755,,,,,
,,,,11,,336.006,,,,,
,,,,12,,53.212,,,,,
,,,,13,,515.744,,,,,
,,,,14,,99.464,,,,,
,,,,15,,85.446,,,,,
FJ190724-001,vag,M,JL,1,134.022,323,68.193,1056.436,67.672,239.708,its.large.tilt; fur.yes
,,,,2,,96.021,,,,,
,,,,3,,473.743,,,,,
,,,,4,,28.636,,,,,
,,,,5,,16.763,,,,,
,,,,6,,320.408,,,,,
,,,,7,,38.639,,,,,
,,,,8,,111.384,,,,,
,,,,9,,23.087,,,,,
,,,,10,,51.872,,,,,
,,,,11,,296.184,,,,,
,,,,12,,46.153,,,,,
,,,,13,,455.003,,,,,
,,,,14,,89.872,,,,,
,,,,15,,62.394,,,,,
JL190724-001,terri,W,JL,1,156.871,370.109,69.615,1214.7,69.48,340.724,fur.yes; its.slight.tilt
,,,,2,,161.012,,,,,
,,,,3,,467.708,,,,,
,,,,4,,35.511,,,,,
,,,,5,,16.763,,,,,
,,,,6,,299.279,,,,,
,,,,7,,53.852,,,,,
,,,,8,,115.726,,,,,
,,,,9,,34.828,,,,,
,,,,10,,50.77,,,,,
,,,,11,,274.346,,,,,
,,,,12,,53.096,,,,,
,,,,13,,464.414,,,,,
,,,,14,,114.202,,,,,
,,,,15,,79.63,,,,,
FJ190724-003,terri,W,JL,1,151.831,352.366,68.672,1228.157,69.256,370.195,its.no.tilt; fur.no
,,,,2,,123.26,,,,,
,,,,3,,447.974,,,,,
,,,,4,,34.132,,,,,
,,,,5,,16.155,,,,,
,,,,6,,294.435,,,,,
,,,,7,,53.038,,,,,
,,,,8,,110.079,,,,,
,,,,9,,38.118,,,,,
,,,,10,,52.769,,,,,
,,,,11,,331.109,,,,,
,,,,12,,46.956,,,,,
,,,,13,,438.172,,,,,
,,,,14,,110.136,,,,,
,,,,15,,76.942,,,,,
FJ190724-002,terri,W,JL,1,147.244,330.194,69.483,1251.537,68.858,289.705,its.large.tilt; fur.yes
,,,,2,,118.95,,,,,
,,,,3,,428.96,,,,,
,,,,4,,32.558,,,,,
,,,,5,,13,,,,,
,,,,6,,269.742,,,,,
,,,,7,,56.436,,,,,
,,,,8,,110.939,,,,,
,,,,9,,34.176,,,,,
,,,,10,,50.834,,,,,
,,,,11,,291.565,,,,,
,,,,12,,46.879,,,,,
,,,,13,,403.919,,,,,
,,,,14,,104.307,,,,,
,,,,15,,77.026,,,,,
JL190724-005,tern,W,JL,1,159.24,340.147,68.885,1082.835,67.787,227.192,fur.yes; its.slight.tilt
,,,,2,,112.071,,,,,
,,,,3,,457.998,,,,,
,,,,4,,31.401,,,,,
,,,,5,,13.038,,,,,
,,,,6,,292.904,,,,,
,,,,7,,50.01,,,,,
,,,,8,,109.228,,,,,
,,,,9,,29.069,,,,,
,,,,10,,45.809,,,,,
,,,,11,,300.308,,,,,
,,,,12,,46.721,,,,,
,,,,13,,449.198,,,,,
,,,,14,,95.189,,,,,
,,,,15,,72.18,,,,,
JL190724-004,tern,W,JL,1,150.007,337.013,69.771,1124.794,69.502,275.218,its.large.tilt; fur.yes
,,,,2,,125.016,,,,,
,,,,3,,473.501,,,,,
,,,,4,,34.015,,,,,
,,,,5,,12.042,,,,,
,,,,6,,290.303,,,,,
,,,,7,,50.695,,,,,
,,,,8,,105.446,,,,,
,,,,9,,33.615,,,,,
,,,,10,,43.993,,,,,
,,,,11,,312.827,,,,,
,,,,12,,40.506,,,,,
,,,,13,,447.446,,,,,
,,,,14,,99.298,,,,,
,,,,15,,76.105,,,,,
JL190716-001,tern,W,JL,1,161.347,333.804,69.646,1095.784,69.763,260.875,its.no.tilt; fur.yes
,,,,2,,116.211,,,,,
,,,,3,,435.569,,,,,
,,,,4,,33.061,,,,,
,,,,5,,10,,,,,
,,,,6,,280.195,,,,,
,,,,7,,48.26,,,,,
,,,,8,,110.124,,,,,
,,,,9,,32.016,,,,,
,,,,10,,34.866,,,,,
,,,,11,,289.841,,,,,
,,,,12,,50.09,,,,,
,,,,13,,426.019,,,,,
,,,,14,,99.504,,,,,
,,,,15,,84.006,,,,,
JL190703-005,tern,W,JL,1,153.834,338.001,68.28,1169.993,68.586,277.283,its.large.tilt; fur.yes
,,,,2,,117.017,,,,,
,,,,3,,449.491,,,,,
,,,,4,,34.015,,,,,
,,,,5,,16.125,,,,,
,,,,6,,287.237,,,,,
,,,,7,,56.303,,,,,
,,,,8,,104.231,,,,,
,,,,9,,33.015,,,,,
,,,,10,,46.519,,,,,
,,,,11,,295.083,,,,,
,,,,12,,57.487,,,,,
,,,,13,,430.455,,,,,
,,,,14,,102.65,,,,,
,,,,15,,85.024,,,,,
PF190724-001,bim,W,JL,1,104.078,322.616,68.738,1654.478,66.587,371.531,its.slight.tilt; fur.yes
,,,,2,,89.022,,,,,
,,,,3,,511.855,,,,,
,,,,4,,29.12,,,,,
,,,,5,,14.142,,,,,
,,,,6,,340.001,,,,,
,,,,7,,46.174,,,,,
,,,,8,,96.258,,,,,
,,,,9,,29.069,,,,,
,,,,10,,41.85,,,,,
,,,,11,,291.208,,,,,
,,,,12,,40.711,,,,,
,,,,13,,470.08,,,,,
,,,,14,,81.492,,,,,
,,,,15,,68.352,,,,,
FJ190710-001,bim,W,JL,1,105.517,292.693,69.464,1517.031,68.818,307.717,its.large.tilt; fur.yes
,,,,2,,83.217,,,,,
,,,,3,,467.903,,,,,
,,,,4,,27.166,,,,,
,,,,5,,14.142,,,,,
,,,,6,,304.91,,,,,
,,,,7,,35.511,,,,,
,,,,8,,103.824,,,,,
,,,,9,,25.495,,,,,
,,,,10,,40.889,,,,,
,,,,11,,267.165,,,,,
,,,,12,,55.981,,,,,
,,,,13,,442.864,,,,,
,,,,14,,86.122,,,,,
,,,,15,,59.076,,,,,
FJ190716-005,bim,W,JL,1,122.63,315.159,69.48,1292.324,67.829,260.599,its.large.tilt; fur.yes
,,,,2,,103.817,,,,,
,,,,3,,457.209,,,,,
,,,,4,,32.14,,,,,
,,,,5,,16.031,,,,,
,,,,6,,285.161,,,,,
,,,,7,,46.325,,,,,
,,,,8,,120.413,,,,,
,,,,9,,27.893,,,,,
,,,,10,,39.972,,,,,
,,,,11,,281.37,,,,,
,,,,12,,39.027,,,,,
,,,,13,,440.137,,,,,
,,,,14,,90.377,,,,,
,,,,15,,71.206,,,,,
FJ190724-004,bim,W,JL,1,105.125,311.272,69.376,1567.274,67.671,337.926,its.no.tilt; fur.yes
,,,,2,,82.098,,,,,
,,,,3,,495.639,,,,,
,,,,4,,29.155,,,,,
,,,,5,,11.18,,,,,
,,,,6,,325.122,,,,,
,,,,7,,40.025,,,,,
,,,,8,,107.112,,,,,
,,,,9,,29.411,,,,,
,,,,10,,41.952,,,,,
,,,,11,,287.626,,,,,
,,,,12,,39.713,,,,,
,,,,13,,458.923,,,,,
,,,,14,,90.554,,,,,
,,,,15,,66,,,,,
JL190724-003,bim,W,JL,1,109.819,298.007,69.454,1277.405,68.434,318.686,fur.yes; its.slight.tilt
,,,,2,,92.005,,,,,
,,,,3,,480.634,,,,,
,,,,4,,27.295,,,,,
,,,,5,,11.402,,,,,
,,,,6,,317.796,,,,,
,,,,7,,41.195,,,,,
,,,,8,,99.567,,,,,
,,,,9,,27.459,,,,,
,,,,10,,38.629,,,,,
,,,,11,,291.218,,,,,
,,,,12,,40.372,,,,,
,,,,13,,456.874,,,,,
,,,,14,,82.219,,,,,
,,,,15,,59.439,,,,,
JL190731-004,bim,W,JL,1,105.484,317.039,68.578,1331.273,68.341,351.232,fur.yes; its.no.tilt
,,,,2,,82.055,,,,,
,,,,3,,509.803,,,,,
,,,,4,,27.166,,,,,
,,,,5,,14.866,,,,,
,,,,6,,329.024,,,,,
,,,,7,,40,,,,,
,,,,8,,108.721,,,,,
,,,,9,,23.022,,,,,
,,,,10,,29.732,,,,,
,,,,11,,296.966,,,,,
,,,,12,,46.756,,,,,
,,,,13,,481.898,,,,,
,,,,14,,90.824,,,,,
,,,,15,,65.803,,,,,
PF190724-008,bim,W,JL,1,153.61,381.578,68.524,1260.611,67.742,280.492,fur.yes; its.large.tilt
,,,,2,,102.489,,,,,
,,,,3,,601.461,,,,,
,,,,4,,39.459,,,,,
,,,,5,,12.042,,,,,
,,,,6,,410.44,,,,,
,,,,7,,46.098,,,,,
,,,,8,,130.12,,,,,
,,,,9,,29.411,,,,,
,,,,10,,51.93,,,,,
,,,,11,,356.821,,,,,
,,,,12,,48.157,,,,,
,,,,13,,556.126,,,,,
,,,,14,,109.385,,,,,
,,,,15,,75.611,,,,,
PF190724-007,imp,Q,JL,1,89.347,331.186,69.354,2078.84,66.629,452.04,its.no.tilt; fur.yes
,,,,2,,93.134,,,,,
,,,,3,,525.451,,,,,
,,,,4,,19.209,,,,,
,,,,5,,15.264,,,,,
,,,,6,,344.843,,,,,
,,,,7,,46.4,,,,,
,,,,8,,105.67,,,,,
,,,,9,,23.259,,,,,
,,,,10,,40.719,,,,,
,,,,11,,320.258,,,,,
,,,,12,,36.893,,,,,
,,,,13,,485.187,,,,,
,,,,14,,82.62,,,,,
,,,,15,,67.052,,,,,
FJ190716-004,imp,W,JL,1,144.627,306.163,69.57,1117.588,68.8,215.002,its.large.tiltfur.yes
,,,,2,,93.022,,,,,
,,,,3,,457.045,,,,,
,,,,4,,30.017,,,,,
,,,,5,,15.133,,,,,
,,,,6,,295.601,,,,,
,,,,7,,44.102,,,,,
,,,,8,,105.483,,,,,
,,,,9,,26.571,,,,,
,,,,10,,38.14,,,,,
,,,,11,,286.225,,,,,
,,,,12,,37.737,,,,,
,,,,13,,419.923,,,,,
,,,,14,,88.102,,,,,
,,,,15,,68.964,,,,,
JL190731-001,imp,W,JL,1,152.202,343.189,69.327,1164.683,68.669,295.147,fur.yes; its.no.tilt
,,,,2,,104.173,,,,,
,,,,3,,482.758,,,,,
,,,,4,,32.016,,,,,
,,,,5,,11.18,,,,,
,,,,6,,322.064,,,,,
,,,,7,,50.09,,,,,
,,,,8,,111.92,,,,,
,,,,9,,32.249,,,,,
,,,,10,,38.803,,,,,
,,,,11,,323.512,,,,,
,,,,12,,42.598,,,,,
,,,,13,,477.277,,,,,
,,,,14,,104.005,,,,,
,,,,15,,74.095,,,,,
PF190724-002,imp,W,JL,1,126.198,338.006,70.064,1415.25,67.455,322.969,its.large.tilt
,,,,2,,98.005,,,,,
,,,,3,,484.552,,,,,
,,,,4,,31.257,,,,,
,,,,5,,10.296,,,,,
,,,,6,,317.921,,,,,
,,,,7,,45.1,,,,,
,,,,8,,106.454,,,,,
,,,,9,,30.594,,,,,
,,,,10,,44.512,,,,,
,,,,11,,304.795,,,,,
,,,,12,,40.363,,,,,
,,,,13,,454.267,,,,,
,,,,14,,92.634,,,,,
,,,,15,,65.307,,,,,
FJ190724-006,tern,W,JL,1,154.811,321.811,68.622,1063.196,69.183,215.741,its.slight.tilt; fur.yes - there's fuzzy parts on the base of the glossa
,,,,2,,116.469,,,,,
,,,,3,,442.047,,,,,
,,,,4,,28.46,,,,,
,,,,5,,16,,,,,
,,,,6,,288.461,,,,,
,,,,7,,43.658,,,,,
,,,,8,,99.573,,,,,
,,,,9,,27.313,,,,,
,,,,10,,41.243,,,,,
,,,,11,,299.456,,,,,
,,,,12,,46.187,,,,,
,,,,13,,422.424,,,,,
,,,,14,,95.525,,,,,
,,,,15,,74.465,,,,,
JL190724-006,vag,W,JL,1,137.741,325.751,70.051,1219.163,69.22,262.624,its.large.tilt; fur.yes
,,,,2,,96.338,,,,,
,,,,3,,480.609,,,,,
,,,,4,,31.016,,,,,
,,,,5,,19.313,,,,,
,,,,6,,287.6,,,,,
,,,,7,,47.011,,,,,
,,,,8,,110.316,,,,,
,,,,9,,30.017,,,,,
,,,,10,,41.571,,,,,
,,,,11,,304.171,,,,,
,,,,12,,51.861,,,,,
,,,,13,,442.622,,,,,
,,,,14,,100.265,,,,,
,,,,15,,80.505,,,,,
JL190716-006,tern,W,JL,1,150.233,331.843,67.983,1276.644,68.88,277.354,its.large.tilt; fur.yes
,,,,2,,106.212,,,,,
,,,,3,,463.896,,,,,
,,,,4,,34.234,,,,,
,,,,5,,20.1,,,,,
,,,,6,,291.084,,,,,
,,,,7,,48.508,,,,,
,,,,8,,107.795,,,,,
,,,,9,,32.016,,,,,
,,,,10,,46.499,,,,,
,,,,11,,304.554,,,,,
,,,,12,,36.904,,,,,
,,,,13,,438.308,,,,,
,,,,14,,98.407,,,,,
,,,,15,,71.805,,,,,
JL190716-002,tern,W,JL,1,157.155,313.05,69.799,1061.748,68.34,261.12,its.no.tilt; fur.yes
,,,,2,,96.338,,,,,
,,,,3,,406.867,,,,,
,,,,4,,32.062,,,,,
,,,,5,,14.036,,,,,
,,,,6,,245.082,,,,,
,,,,7,,49.031,,,,,
,,,,8,,105.263,,,,,
,,,,9,,33.734,,,,,
,,,,10,,45.391,,,,,
,,,,11,,286.54,,,,,
,,,,12,,29.572,,,,,
,,,,13,,405.367,,,,,
,,,,14,,79.177,,,,,
,,,,15,,72.18,,,,,
FJ190716-006,bim,W,JL,1,105.891,317.077,68.242,1390.88,67.042,333.654,its.no.tilt
,,,,2,,82.024,,,,,
,,,,3,,504.416,,,,,
,,,,4,,28.071,,,,,
,,,,5,,11.045,,,,,
,,,,6,,334.054,,,,,
,,,,7,,37,,,,,
,,,,8,,110.037,,,,,
,,,,9,,23.77,,,,,
,,,,10,,41.207,,,,,
,,,,11,,298.761,,,,,
,,,,12,,47.512,,,,,
,,,,13,,486.998,,,,,
,,,,14,,89.196,,,,,
,,,,15,,65.765,,,,,