specimen.id,species.det,provisional.species,caste,its.mm,body.length.mm,mouthparts,forewings,hindwings,legs
AAL230713-001,vagans,cf vagans,W,3.002590823,11.36246985,TRUE,TRUE,TRUE,TRUE
AOI190709-001,borealis,cf fervidus,W,4.687,18.18,TRUE,TRUE,TRUE,FALSE
AOI190715-001,impatiens,cf impatiens,W,3.692388366,13.24034582,TRUE,TRUE,TRUE,TRUE
ASD230629-001,borealis,borealis,W,6.421636832,26.28249948,TRUE,TRUE,TRUE,TRUE
ASD230630-001,impatiens,bimaculatus,W,4.289283673,16.52577036,TRUE,TRUE,TRUE,TRUE
ASD230713-001,vagans,cf vagans,W,4.964886306,15.67525772,TRUE,TRUE,TRUE,TRUE
CAP220712-004,vagans,cf vagans,W,3.932402827,12.18458815,TRUE,TRUE,TRUE,TRUE
CAP220712-009,borealis,cf fervidus,W,4.318937754,16.00800839,TRUE,TRUE,TRUE,FALSE
CAP220712-010,borealis,cf fervidus,W,4.251391416,NA,FALSE,TRUE,TRUE,FALSE
CAP220712-014,borealis,cf fervidus,W,3.619888675,16.88350485,FALSE,TRUE,TRUE,FALSE
CAP220712-017,vagans,cf sandersoni,W,3.401272276,12.8577139,TRUE,TRUE,TRUE,FALSE
DMO180529-005,vagans,,W,6.492,NA,FALSE,TRUE,TRUE,TRUE
DPD230713-001,borealis,,W,6.788133007,NA,FALSE,TRUE,TRUE,TRUE
DRA170708-901,perplexus,cf perplexus,W,3.718285764,16.51166189,TRUE,TRUE,TRUE,FALSE
DRA170708-902,perplexus,cf perplexus,W,NA,15.27606583,TRUE,TRUE,TRUE,FALSE
DRA170914-004,,cf impatiens,W,NA,NA,FALSE,FALSE,FALSE,TRUE
DRA170916-001,impatiens,,W,4.538788204,16.4217438,TRUE,TRUE,TRUE,TRUE
DRA170916-003,rufocinctus,cf rufocinctus,W,3.919006328,16.19718895,TRUE,TRUE,TRUE,TRUE
DRA170916-004a,impatiens,,W,4.014716313,15.25253043,FALSE,TRUE,TRUE,FALSE
DRA170916-004b,impatiens,,W,3.151646517,12.58290674,FALSE,TRUE,TRUE,FALSE
DRA170916-004c,,cf impatiens,W,NA,NA,FALSE,FALSE,FALSE,TRUE
DRA170916-005,impatiens,,W,3.718950666,15.33744945,TRUE,TRUE,TRUE,TRUE
DRA180508-009,impatiens,,Q,NA,NA,FALSE,TRUE,TRUE,FALSE
DRA180509-001,bimaculatus,,Q,7.158,28.844,FALSE,TRUE,TRUE,FALSE
DRA180509-002,bimaculatus,,Q,6.605,25.844,FALSE,TRUE,TRUE,FALSE
DRA180509-004,bimaculatus,,Q,6.747,26.909,FALSE,TRUE,TRUE,FALSE
DRA180509-005,impatiens,,Q,7.311,32.03,FALSE,TRUE,TRUE,FALSE
DRA180509-006,vagans,,Q,7.008,28.377,FALSE,TRUE,TRUE,FALSE
DRA180509-007,vagans,,Q,5.432,22.18,FALSE,TRUE,TRUE,FALSE
DRA180509-008,bimaculatus,,Q,7.096,26.004,FALSE,TRUE,TRUE,FALSE
DRA180523-003,impatiens,,Q,7.263,NA,FALSE,TRUE,TRUE,FALSE
DRA180529-012,vagans,,W,6.036,NA,FALSE,TRUE,TRUE,TRUE
DRA180529-024,vagans,,W,5.986,NA,FALSE,TRUE,TRUE,FALSE
DRA180529-025,impatiens,,Q,6.963,NA,FALSE,TRUE,TRUE,FALSE
DRA180529-026,impatiens,,Q,6.074,32.548,FALSE,TRUE,TRUE,FALSE
DRA180529-029,impatiens,,Q,NA,NA,FALSE,TRUE,TRUE,FALSE
DRA180607-001,impatiens,,Q,6.987,NA,FALSE,TRUE,TRUE,FALSE
DRA180619-003,borealis,,Q,NA,NA,FALSE,TRUE,TRUE,FALSE
DRA180619-004,bimaculatus,,W,NA,NA,FALSE,TRUE,TRUE,FALSE
DRA180623-001,impatiens,,Q,NA,NA,FALSE,TRUE,TRUE,FALSE
DRA180623-002,impatiens,,Q,NA,NA,FALSE,TRUE,TRUE,FALSE
DRA180720-001,vagans,,W,3.218,17.037,FALSE,TRUE,TRUE,FALSE
DRA180720-002,vagans,,W,5.462,23.976,FALSE,TRUE,TRUE,TRUE
DRA180720-003,vagans,,W,2.776,18.557,FALSE,TRUE,TRUE,FALSE
DRA180720-004,vagans,,W,4.034,15.222,FALSE,TRUE,FALSE,FALSE
DRA180720-005,vagans,cf vagans (M),W,5.137254601,18.07360358,FALSE,TRUE,TRUE,FALSE
DRA180720-006,bimaculatus,,W,4.746,17.893,FALSE,TRUE,TRUE,FALSE
DRA180720-007,bimaculatus,,M,4.484,20.826,FALSE,TRUE,TRUE,FALSE
DRA180720-008,bimaculatus,,M,5.228,21.173,FALSE,TRUE,TRUE,FALSE
DRA180720-009,borealis,borealis,W,5.714,21.26,TRUE,TRUE,TRUE,TRUE
DRA180720-010,borealis,,W,5.323,17.276,FALSE,TRUE,TRUE,TRUE
DRA180805-003,vagans,,Q,5.038435206,20.01040965,FALSE,TRUE,TRUE,FALSE
DRA180814-001,vagans,,W,2.905,17.765,FALSE,TRUE,TRUE,FALSE
DRA180814-003,impatiens,,M,5.038,20.01,FALSE,TRUE,TRUE,TRUE
DRA180814-004,borealis,,M,4.413,20.75,FALSE,TRUE,TRUE,FALSE
DRA180814-005,borealis,,M,4.796,17.736,FALSE,TRUE,TRUE,FALSE
DRA180814-006,impatiens,,W,5.383,21.992,FALSE,TRUE,TRUE,TRUE
DRA180814-006a,vagans,,W,6.29,25.394,FALSE,TRUE,TRUE,TRUE
DRA180814-017,impatiens,,W,3.483,15.28,FALSE,TRUE,TRUE,TRUE
DRA180819-002,,cf rufocinctus,M,NA,NA,FALSE,TRUE,TRUE,FALSE
DRA190709-001,vagans,cf sandersoni,W,5.894,23.38,TRUE,TRUE,TRUE,FALSE
DRA190709-003,bimaculatus,bimaculatus,W,4.168,17.494,TRUE,TRUE,TRUE,TRUE
DRA190709-004,impatiens,impatiens,W,4.31,16.697,TRUE,TRUE,TRUE,TRUE
DRA190709-005,impatiens,impatiens,W,4.735,18.494,TRUE,TRUE,TRUE,TRUE
DRA190709-006,vagans,cf vagans,W,4.175311203,17.18806142,TRUE,TRUE,TRUE,TRUE
DRA190709-007,vagans,,M,3.87,16.115,FALSE,TRUE,TRUE,TRUE
DRA190709-008,vagans,cf vagans,W,4.055451822,18.12730416,TRUE,TRUE,TRUE,TRUE
DRA190709-009,vagans,cf vagans,M,3.52150413,18.23129988,TRUE,TRUE,TRUE,TRUE
DRA190709-010,bimaculatus,bimaculatus,W,4.39,19.968,TRUE,TRUE,TRUE,TRUE
DRA190709-011,bimaculatus,bimaculatus,W,4.517,18.998,TRUE,TRUE,TRUE,TRUE
DRA190709-012,bimaculatus,bimaculatus,W,4.268,20.304,TRUE,TRUE,TRUE,TRUE
DRA190709-013,vagans,cf vagans,W,4.092,16.961,TRUE,TRUE,TRUE,TRUE
DRA190709-014,vagans,cf vagans,W,3.816196043,15.42217343,TRUE,TRUE,TRUE,TRUE
DRA190709-015,terricola,,W,4.528,16.985,TRUE,TRUE,TRUE,TRUE
DRA190709-016,ternarius,,Q,6.137,26.448,FALSE,TRUE,TRUE,TRUE
DRA190715-001,bimaculatus,,W,4.582,19.032,FALSE,TRUE,TRUE,TRUE
DRA190718-001,vagans,cf vagans,W,3.834924154,16.86157948,TRUE,FALSE,FALSE,FALSE
DRA190718-002,perplexus,perplexus,M,4.612,17.795,TRUE,TRUE,TRUE,TRUE
DRA190805-005,vagans,,W,NA,NA,FALSE,TRUE,TRUE,FALSE
DRA190815-001,vagans,,W,NA,NA,FALSE,TRUE,TRUE,FALSE
DRA190815-002,impatiens,impatiens,W,4.275624412,17.74775119,TRUE,TRUE,TRUE,FALSE
DRA190815-003,impatiens,impatiens,W,4.01207417,17.81981828,TRUE,TRUE,TRUE,TRUE
DRA190815-004,impatiens,impatiens,W,4.500044577,20.22766202,TRUE,TRUE,TRUE,TRUE
DRA190824-001,ternarius,ternarius,W,3.728090046,15.19538521,TRUE,FALSE,FALSE,TRUE
DRA190824-002,ternarius,ternarius,W,3.50237329,11.50016184,TRUE,FALSE,FALSE,FALSE
DRA190824-003,ternarius,ternarius,W,3.123394776,16.46957931,TRUE,FALSE,FALSE,TRUE
DRA190824-004,impatiens,impatiens,W,4.225454074,15.08757993,TRUE,FALSE,FALSE,FALSE
DRA190824-005,impatiens,impatiens,M,4.157562138,17.19849035,TRUE,FALSE,FALSE,TRUE
DRA190824-006,impatiens,impatiens,W,3.817879397,15.11198098,TRUE,FALSE,FALSE,TRUE
DRA200720-001,,cf vagans,W,NA,NA,FALSE,FALSE,FALSE,TRUE
DRA200720-002a,,terricola,W,NA,NA,FALSE,FALSE,FALSE,TRUE
DRA200720-002b,,cf vagans,W,NA,NA,FALSE,FALSE,FALSE,TRUE
DRA210812-001,rufocinctus,cf rufocinctus,W,3.289862146,13.35016217,TRUE,TRUE,TRUE,TRUE
DRA210812-005,perplexus,cf perplexus,W,4.844010563,15.4074878,TRUE,TRUE,TRUE,TRUE
DRA210812-010,borealis,borealis,M,4.498125021,15.76338714,TRUE,TRUE,TRUE,TRUE
DRA210812-012,perplexus,cf perplexus,W,4.416855769,13.70641689,TRUE,TRUE,TRUE,TRUE
DRA220607-002,impatiens,,Q,4.838549482,19.98011752,FALSE,TRUE,TRUE,FALSE
DRA220617-015,ternarius,ternarius,W,3.862376458,13.95914052,TRUE,TRUE,TRUE,FALSE
DRA220717-001,borealis,borealis,W,5.872149618,25.44993772,TRUE,TRUE,TRUE,FALSE
DRA220719-001,vagans,,Q,5.343442955,23.49572736,FALSE,TRUE,TRUE,FALSE
DRA220721-001,vagans,,W,3.43506705,NA,FALSE,TRUE,TRUE,FALSE
DRA220815-010,borealis,,M,4.272176784,17.14069593,FALSE,TRUE,TRUE,FALSE
DRA220815-011,cf fervidus,,M,4.224244795,18.03329154,FALSE,TRUE,TRUE,FALSE
DRA220815-012,borealis,,M,4.341359476,20.48466356,FALSE,TRUE,TRUE,FALSE
DRA220815-013,borealis,,M,4.56372218,19.46251475,FALSE,TRUE,TRUE,FALSE
DRA220815-015,vagans,,W,3.670708209,16.29874206,FALSE,TRUE,TRUE,FALSE
DRA220815-017,borealis,,M,4.031809959,18.01196124,FALSE,TRUE,TRUE,FALSE
DRA220815-019,borealis,cf fervidus (M),W,5.173178815,20.36429477,FALSE,TRUE,TRUE,FALSE
DRA220815-020,borealis,borealis,M,4.498975388,17.76012006,TRUE,TRUE,TRUE,FALSE
DRA220815-021,borealis,borealis,M,4.597031288,20.05274926,TRUE,TRUE,TRUE,FALSE
DRA220815-023,borealis,borealis,W,5.372300704,18.95427335,TRUE,TRUE,TRUE,FALSE
DRA220815-024,borealis,cf fervidus,W,4.686471622,18.65135402,TRUE,TRUE,TRUE,FALSE
DRA230629-001,borealis,cf borealis,W,5.394189933,23.55372064,TRUE,TRUE,TRUE,TRUE
DRA230713-001,borealis,cf borealis,W,6.063940601,20.81087745,TRUE,TRUE,TRUE,TRUE
ESL230713-001,borealis,cf borealis,W,7.355157413,NA,TRUE,TRUE,TRUE,TRUE
FJ170607-006,vagans,,W,4.735,18.468,FALSE,TRUE,TRUE,FALSE
FJ170617-035,borealis,,W,3.912,16.118,FALSE,TRUE,TRUE,FALSE
FJ170624-002,impatiens,,W,3.961,20.861,FALSE,TRUE,TRUE,FALSE
FJ170624-004,impatiens,,W,3.652,16.164,FALSE,TRUE,TRUE,FALSE
FJ170624-005,impatiens,,W,4.868,18.207,FALSE,TRUE,TRUE,FALSE
FJ170703-037,borealis,,Q,7.267,NA,FALSE,TRUE,TRUE,FALSE
FJ170703-038,vagans,,W,4.769,18.727,FALSE,TRUE,TRUE,FALSE
FJ170703-039,bimaculatus,,W,4.236,15.592,FALSE,TRUE,TRUE,FALSE
FJ170703-041,ternarius,,W,3.997,15.573,FALSE,TRUE,TRUE,FALSE
FJ170703-042,impatiens,,W,3.878,14.182,FALSE,TRUE,TRUE,FALSE
FJ170703-044,impatiens,,W,4.616,NA,FALSE,TRUE,TRUE,FALSE
FJ170703-045,bimaculatus,,W,3.721,NA,FALSE,TRUE,TRUE,FALSE
FJ170703-045a,bimaculatus,,W,NA,NA,FALSE,TRUE,TRUE,FALSE
FJ170703-048,ternarius,,W,5.05,22.237,FALSE,TRUE,TRUE,FALSE
FJ170706-007,vagans,,W,4.626,17.12,FALSE,TRUE,TRUE,FALSE
FJ170706-008,vagans,,W,4.306,18.243,FALSE,TRUE,TRUE,FALSE
FJ170709-051,borealis,,W,4.636,17.692,FALSE,TRUE,TRUE,FALSE
FJ170709-052,vagans,,Q,5.648,23.301,FALSE,TRUE,TRUE,FALSE
FJ170709-063,borealis,,W,4.574,19.913,FALSE,TRUE,TRUE,FALSE
FJ170709-064,bimaculatus,,W,4.268,17.788,FALSE,TRUE,TRUE,FALSE
FJ170709-066,bimaculatus,,W,4.369,19.137,FALSE,TRUE,TRUE,FALSE
FJ170712-009,borealis,,W,4.656,22.624,FALSE,TRUE,TRUE,FALSE
FJ170712-011,borealis,,W,4.625,19.517,FALSE,TRUE,TRUE,FALSE
FJ170712-018,vagans,,W,4.821,18.55,FALSE,TRUE,TRUE,FALSE
FJ170712-020,vagans,,W,3.63,13.356,FALSE,TRUE,TRUE,FALSE
FJ170712-038,,cf sandersoni,W,4.637,19.333,FALSE,TRUE,TRUE,FALSE
FJ170712-071,bimaculatus,,W,4.407,20.234,FALSE,TRUE,TRUE,FALSE
FJ170722-029,,cf rufocinctus,M,4.652,19.692,FALSE,TRUE,TRUE,FALSE
FJ170722-031,vagans,,W,5.617,NA,FALSE,TRUE,TRUE,FALSE
FJ170723-032,bimaculatus,,W,4.343,18.153,FALSE,TRUE,TRUE,FALSE
FJ170727-030,bimaculatus,,W,4.582,20.316,FALSE,TRUE,TRUE,FALSE
FJ170804-081,bimaculatus,,W,4.165,0.997,FALSE,TRUE,TRUE,FALSE
FJ170830-162,vagans,,W,NA,NA,FALSE,TRUE,TRUE,FALSE
FJ170830-165,borealis,,M,NA,NA,FALSE,TRUE,TRUE,FALSE
FJ170830-166,vagans,,W,NA,NA,FALSE,TRUE,TRUE,FALSE
FJ170830-169,borealis,,W,NA,NA,FALSE,TRUE,TRUE,FALSE
FJ170830-169a,vagans,,W,NA,NA,FALSE,TRUE,TRUE,FALSE
FJ180603-006,bimaculatus,,W,NA,NA,FALSE,TRUE,TRUE,FALSE
FJ180607-002,impatiens,,Q,6.899,NA,FALSE,TRUE,TRUE,FALSE
FJ180607-003,bimaculatus,,Q,7.400108637,NA,FALSE,TRUE,TRUE,FALSE
FJ180607-004,bimaculatus,,W,5.266,25.234,FALSE,TRUE,TRUE,FALSE
FJ180607-005,bimaculatus,,W,NA,NA,FALSE,TRUE,TRUE,FALSE
FJ180607-007,impatiens,,Q,7.4,NA,FALSE,TRUE,TRUE,FALSE
FJ180619-009,bimaculatus,,W,4.548,20.074,FALSE,TRUE,TRUE,FALSE
FJ180619-014,vagans,,W,4.302,17.099,FALSE,TRUE,TRUE,TRUE
FJ190529-001,impatiens,impatiens,W,6.147381338,22.94759351,TRUE,TRUE,TRUE,TRUE
FJ190605-002,impatiens,,Q,6.236,NA,FALSE,TRUE,TRUE,FALSE
FJ190605-003,impatiens,,Q,6.706,28.283,FALSE,TRUE,TRUE,FALSE
FJ190610-011,,cf rufocinctus,W,NA,NA,FALSE,TRUE,TRUE,FALSE
FJ190610-012,rufocinctus,cf rufocinctus,W,5.77,26.133,FALSE,TRUE,TRUE,FALSE
FJ190610-013,vagans,,W,5.047,21.318,FALSE,TRUE,TRUE,FALSE
FJ190612-001,bimaculatus,bimaculatus,W,3.299,13.888,TRUE,TRUE,TRUE,FALSE
FJ190612-002,impatiens,impatiens,W,4.321,17.141,TRUE,TRUE,TRUE,FALSE
FJ190612-003,impatiens,,W,4.339,15.956,FALSE,TRUE,TRUE,FALSE
FJ190619-001,ternarius,,Q,5.658,23.152,FALSE,TRUE,TRUE,FALSE
FJ190619-002,ternarius,,Q,6.171,23.341,FALSE,TRUE,TRUE,FALSE
FJ190619-003,ternarius,ternarius,W,4.019258487,16.42328612,TRUE,TRUE,TRUE,FALSE
FJ190619-004,ternarius,ternarius,W,3.529018305,15.91967741,TRUE,TRUE,TRUE,FALSE
FJ190619-005,bimaculatus,bimaculatus,W,4.056,18.564,TRUE,TRUE,TRUE,FALSE
FJ190619-006,terricola,terricola,W,4.78197102,19.96802543,TRUE,TRUE,TRUE,FALSE
FJ190619-007,ternarius,ternarius,W,4.242865113,17.14082928,TRUE,TRUE,TRUE,FALSE
FJ190619-008,bimaculatus,bimaculatus,W,4.877,20.925,TRUE,TRUE,TRUE,FALSE
FJ190619-009,terricola,terricola,W,4.88796576,18.19281733,TRUE,TRUE,TRUE,FALSE
FJ190619-010,ternarius,ternarius,W,3.966394109,16.61220903,TRUE,TRUE,TRUE,FALSE
FJ190621-001,bimaculatus,bimaculatus,W,3.752,16.783,TRUE,TRUE,TRUE,FALSE
FJ190621-002,ternarius,ternarius,W,3.845663848,14.83543728,TRUE,TRUE,TRUE,FALSE
FJ190627-001,bimaculatus,bimaculatus,W,3.835,16.676,TRUE,TRUE,TRUE,TRUE
FJ190627-002,bimaculatus,,W,3.932,16.328,FALSE,TRUE,TRUE,TRUE
FJ190627-003,impatiens,impatiens,Q,6.106852376,29.13261952,FALSE,FALSE,FALSE,TRUE
FJ190627-004,impatiens,impatiens,W,4.212,19.807,TRUE,TRUE,TRUE,TRUE
FJ190627-005,impatiens,impatiens,W,4.201,16.837,TRUE,TRUE,TRUE,TRUE
FJ190628-001,bimaculatus,,W,4.902,16.825,TRUE,TRUE,TRUE,FALSE
FJ190628-001,terricola,terricola,W,4.901665955,16.82465054,TRUE,TRUE,TRUE,FALSE
FJ190628-002,terricola,cf vagans,W,4.655862903,18.04695928,TRUE,TRUE,TRUE,FALSE
FJ190628-003,bimaculatus,bimaculatus,W,4.427,17.715,TRUE,TRUE,TRUE,FALSE
FJ190628-004,bimaculatus,bimaculatus,W,4.239,17.877,TRUE,TRUE,TRUE,FALSE
FJ190628-005,bimaculatus,bimaculatus,W,4.229,15.028,TRUE,TRUE,TRUE,FALSE
FJ190628-006,ternarius,ternarius,W,4.139635407,14.77755859,TRUE,TRUE,TRUE,FALSE
FJ190628-008,bimaculatus,bimaculatus,W,4.263,18.431,TRUE,TRUE,TRUE,FALSE
FJ190628-009,bimaculatus,,W,4.666,19.071,FALSE,TRUE,TRUE,FALSE
FJ190628-010,ternarius,,Q,5.495,28.738,FALSE,TRUE,TRUE,FALSE
FJ190628-011,bimaculatus,bimaculatus,W,4.717,19.529,TRUE,TRUE,TRUE,FALSE
FJ190628-012,bimaculatus,bimaculatus,W,4.372,18.096,TRUE,TRUE,TRUE,FALSE
FJ190628-013,bimaculatus,bimaculatus,W,4.437,19.812,TRUE,TRUE,TRUE,FALSE
FJ190628-014,ternarius,ternarius,W,3.678220013,16.32222474,TRUE,TRUE,TRUE,FALSE
FJ190703-001,vagans,cf vagans,W,3.506968667,17.42931989,TRUE,TRUE,TRUE,TRUE
FJ190703-002,vagans,cf vagans,W,4.046042623,16.75721241,TRUE,TRUE,TRUE,TRUE
FJ190703-003,borealis,cf borealis,Q,6.075,22.34,TRUE,TRUE,TRUE,FALSE
FJ190703-004,vagans,,Q,5.47,21.526,TRUE,TRUE,TRUE,FALSE
FJ190703-005,bimaculatus,bimaculatus,W,4.473,20.815,TRUE,TRUE,TRUE,TRUE
FJ190703-006,vagans,,W,4.143,15.406,TRUE,TRUE,TRUE,TRUE
FJ190703-007,vagans,cf vagans,W,4.380654766,15.36548883,TRUE,TRUE,TRUE,FALSE
FJ190703-008,vagans,cf vagans,W,3.999,16.448,TRUE,TRUE,TRUE,TRUE
FJ190703-009,perplexus,cf vagans,W,4.505506592,19.21960979,TRUE,TRUE,TRUE,TRUE
FJ190703-010,ternarius,ternarius,W,4.061370951,16.87854015,TRUE,TRUE,TRUE,TRUE
FJ190703-012,vagans,cf vagans,W,4.581926329,18.99997086,TRUE,TRUE,TRUE,TRUE
FJ190703-013,impatiens,impatiens,W,4.166,18.066,TRUE,TRUE,TRUE,TRUE
FJ190705-001,bimaculatus,bimaculatus,W,4.158,19.511,TRUE,TRUE,TRUE,FALSE
FJ190705-002,bimaculatus,bimaculatus,W,3.905,18.241,TRUE,TRUE,TRUE,FALSE
FJ190705-003,impatiens,impatiens,W,4.720565334,20.09659559,TRUE,FALSE,FALSE,FALSE
FJ190705-004,bimaculatus,bimaculatus,W,4.088,17.261,TRUE,TRUE,TRUE,TRUE
FJ190705-005,impatiens,impatiens,W,4.332,17.949,TRUE,TRUE,TRUE,FALSE
FJ190705-006,impatiens,impatiens,W,3.634360495,12.03729403,TRUE,TRUE,TRUE,FALSE
FJ190709-001,vagans,cf vagans,W,4.116863734,18.71097752,TRUE,TRUE,TRUE,TRUE
FJ190709-002,borealis,cf borealis,W,5.056,22.899,TRUE,TRUE,TRUE,TRUE
FJ190709-003,borealis,cf fervidus,W,4.386216547,18.99150626,TRUE,TRUE,TRUE,TRUE
FJ190709-004,bimaculatus,bimaculatus,W,4.471,18.188,TRUE,TRUE,TRUE,TRUE
FJ190709-005,bimaculatus,bimaculatus,W,4.561,21.146,TRUE,TRUE,TRUE,TRUE
FJ190709-006,bimaculatus,bimaculatus,W,4.114,19.547,TRUE,TRUE,TRUE,TRUE
FJ190709-007,bimaculatus,bimaculatus,W,4.36,19.92,TRUE,TRUE,TRUE,TRUE
FJ190709-008,impatiens,impatiens,W,4.715,18.478,TRUE,TRUE,TRUE,TRUE
FJ190709-009,vagans,cf sandersoni,W,4.645,15.697,TRUE,TRUE,TRUE,TRUE
FJ190709-010,bimaculatus,bimaculatus,W,4.504,17.962,TRUE,TRUE,TRUE,TRUE
FJ190709-011,vagans,cf vagans,W,4.307294443,22.59225076,TRUE,TRUE,TRUE,TRUE
FJ190709-012,bimaculatus,bimaculatus,W,4.192,17.878,TRUE,TRUE,TRUE,TRUE
FJ19071-003,ternarius,,W,NA,NA,FALSE,TRUE,TRUE,FALSE
FJ190710-001,bimaculatus,bimaculatus,W,4.471,21.839,TRUE,TRUE,TRUE,TRUE
FJ190710-002,bimaculatus,bimaculatus,M,5.228237026,18.74399042,TRUE,TRUE,TRUE,TRUE
FJ190710-003,impatiens,impatiens,W,5.02,17.698,TRUE,TRUE,TRUE,TRUE
FJ190710-004,impatiens,impatiens,W,5.446,18.484,TRUE,TRUE,TRUE,TRUE
FJ190711-001a,borealis,cf fervidus,Q,7.104,36.347,TRUE,TRUE,TRUE,TRUE
FJ190711-001b,terricola,terricola,W,5.414075079,15.05213718,FALSE,TRUE,TRUE,TRUE
FJ190711-002,ternarius,ternarius,W,3.254243933,11.9042462,FALSE,TRUE,TRUE,TRUE
FJ190711-003,terricola,terricola,W,4.738546192,15.55191752,TRUE,FALSE,FALSE,TRUE
FJ190711-004,terricola,terricola,W,5.624667985,14.73057584,TRUE,TRUE,TRUE,TRUE
FJ190711-005,ternarius,ternarius,W,3.371287589,12.49727166,TRUE,TRUE,TRUE,TRUE
FJ190711-008,ternarius,ternarius,W,3.585917424,11.05253391,TRUE,TRUE,TRUE,TRUE
FJ190711-009,ternarius,ternarius,W,3.589744494,12.38532627,TRUE,TRUE,TRUE,TRUE
FJ190711-010,impatiens,impatiens,W,4.675,18.02,TRUE,TRUE,TRUE,TRUE
FJ190715-001,bimaculatus,bimaculatus,M,4.656952577,20.75715032,TRUE,TRUE,TRUE,TRUE
FJ190715-002,impatiens,impatiens,W,4.433,20.322,TRUE,TRUE,TRUE,TRUE
FJ190716-001,ternarius,ternarius,W,4.040816027,15.8439397,TRUE,TRUE,TRUE,TRUE
FJ190716-002,ternarius,ternarius,W,4.442,17.488,TRUE,TRUE,TRUE,TRUE
FJ190716-003,perplexus,cf vagans,W,4.073243776,16.54975355,TRUE,TRUE,TRUE,TRUE
FJ190716-004,bimaculatus,bimaculatus,W,3.125,16.118,TRUE,TRUE,TRUE,TRUE
FJ190716-005,bimaculatus,bimaculatus,W,3.842,18.6,TRUE,TRUE,TRUE,TRUE
FJ190716-006,bimaculatus,bimaculatus,W,4.977,20.382,TRUE,TRUE,TRUE,TRUE
FJ190716-007,bimaculatus,bimaculatus,W,5.675,22.727,TRUE,TRUE,TRUE,TRUE
FJ190716-008,bimaculatus,bimaculatus,W,5.141,18.325,TRUE,TRUE,TRUE,TRUE
FJ190716-009,impatiens,impatiens,W,5.141,18.325,TRUE,TRUE,TRUE,TRUE
FJ190716-010,vagans,cf vagans,M,4.568948427,21.23623261,TRUE,TRUE,TRUE,FALSE
FJ190716-011,ternarius,ternarius,W,4.040245857,16.39460891,TRUE,TRUE,TRUE,FALSE
FJ190716-012,bimaculatus,bimaculatus,W,5.03,21.884,TRUE,TRUE,TRUE,FALSE
FJ190716-013,bimaculatus,bimaculatus,W,5.453,21.583,TRUE,TRUE,TRUE,TRUE
FJ190718-001,vagans,vagans,W,3.631,19.883,TRUE,TRUE,TRUE,FALSE
FJ190718-002,perplexus,cf vagans,W,4.724,18.419,TRUE,TRUE,TRUE,TRUE
FJ190718-003,perplexus,cf vagans,W,4.625,18.903,TRUE,TRUE,TRUE,FALSE
FJ190718-004,impatiens,impatiens,W,4.435,18.677,TRUE,TRUE,TRUE,FALSE
FJ190718-005,terricola,terricola,W,4.665,18.798,TRUE,TRUE,TRUE,FALSE
FJ190724-001,vagans,,M,3.542,15.492,TRUE,TRUE,TRUE,TRUE
FJ190724-002,terricola,terricola,W,4.207281652,18.01213246,TRUE,TRUE,TRUE,TRUE
FJ190724-003,terricola,terricola,W,5.345313041,17.88439247,TRUE,TRUE,TRUE,TRUE
FJ190724-004,bimaculatus,bimaculatus,W,4.994,22.591,TRUE,TRUE,TRUE,TRUE
FJ190724-005,bimaculatus,bimaculatus,W,5.3,23.674,TRUE,TRUE,TRUE,FALSE
FJ190724-006,ternarius,ternarius,W,3.118410592,15.4935152,TRUE,TRUE,TRUE,TRUE
FJ190809-001,ternarius,ternarius,M,4.028,16.044,TRUE,TRUE,TRUE,TRUE
FJ190809-002,ternarius,ternarius,W,3.311960639,13.90488206,TRUE,TRUE,TRUE,TRUE
FJ190809-003,borealis,cf borealis,W,5.207,19.825,TRUE,TRUE,TRUE,TRUE
FJ190809-004,ternarius,ternarius,W,4.100345255,15.47614673,TRUE,TRUE,TRUE,TRUE
FJ190809-005,ternarius,ternarius,W,4.242421828,15.80833933,TRUE,TRUE,TRUE,TRUE
FJ190809-006,ternarius,ternarius,W,4.256094505,14.94658535,TRUE,TRUE,TRUE,TRUE
FJ190809-007,ternarius,ternarius,W,4.208,14.294,TRUE,TRUE,TRUE,TRUE
FJ190809-008,ternarius,ternarius,W,4.070088268,13.6186886,TRUE,TRUE,TRUE,TRUE
FJ190809-009,ternarius,ternarius,W,3.469178965,12.51358725,TRUE,TRUE,TRUE,TRUE
FJ190809-010,ternarius,ternarius,W,4.133157768,14.7012227,TRUE,TRUE,TRUE,TRUE
FJ190809-011,fervidus,cf borealis,W,3.441106384,13.91595619,TRUE,FALSE,FALSE,FALSE
FJ190809-012,ternarius,ternarius,W,3.699214487,14.45128018,TRUE,TRUE,TRUE,TRUE
FJ190809-013,ternarius,ternarius,W,5.161640885,13.88996231,TRUE,TRUE,TRUE,TRUE
FJ190809-014,ternarius,ternarius,W,3.820026505,13.86262594,TRUE,TRUE,TRUE,FALSE
FJ190814-001,bimaculatus,bimaculatus,M,4.877006377,19.97131267,TRUE,TRUE,TRUE,FALSE
FJ190814-002,impatiens,,M,4.656,17.658,FALSE,TRUE,TRUE,TRUE
FJ190814-003,bimaculatus,,M,NA,23.319,FALSE,TRUE,TRUE,TRUE
FJ190814-004,bimaculatus,bimaculatus,W,3.51,17.335,TRUE,TRUE,TRUE,TRUE
FJ190814-005,bimaculatus,,M,4.956,20.185,FALSE,TRUE,TRUE,TRUE
FJ190814-006,impatiens,impatiens,W,4.875,21.493,TRUE,TRUE,TRUE,TRUE
FJ190814-007,impatiens,impatiens,W,4.78,17.611,TRUE,TRUE,TRUE,TRUE
FJ190814-008,impatiens,impatiens,W,4.821,22.784,TRUE,TRUE,TRUE,TRUE
FJ190814-009,bimaculatus,bimaculatus,W,3.616,18.726,TRUE,TRUE,TRUE,TRUE
FJ190815-001,vagans,cf vagans,W,4.194049382,18.25465512,TRUE,FALSE,FALSE,TRUE
FJ190815-005,vagans,cf vagans,W,4.575362944,17.93545823,TRUE,FALSE,FALSE,FALSE
FJ190822-001,impatiens,impatiens,W,4.743933079,14.44409535,TRUE,TRUE,TRUE,FALSE
FJ190822-002,impatiens,impatiens,W,5.09,23.187,TRUE,TRUE,TRUE,TRUE
FJ190822-003,impatiens,impatiens,W,5.886,22.538,TRUE,TRUE,TRUE,TRUE
FJ190822-004,bimaculatus,,M,NA,NA,FALSE,TRUE,TRUE,FALSE
FJ190822-006,bimaculatus,,M,5.267,19.198,FALSE,TRUE,TRUE,TRUE
FJ190822-007,bimaculatus,,M,5.553,18.795,FALSE,TRUE,TRUE,TRUE
FJ190822-008,bimaculatus,,M,3.987,18.367,TRUE,TRUE,FALSE,FALSE
FJ190827-001,vagans,cf vagans,W,4.55788866,20.1212617,TRUE,FALSE,FALSE,TRUE
FJ190827-002,borealis,cf borealis,W,5.551664494,23.475,TRUE,TRUE,TRUE,TRUE
FJ190827-003,vagans,cf vagans,W,4.728319308,19.58359651,TRUE,TRUE,TRUE,TRUE
FJ190827-004,vagans,cf bimaculatus,W,4.578058802,20.80424029,TRUE,TRUE,TRUE,TRUE
FJ190827-005,borealis,cf borealis,W,5.561463982,24.94417327,TRUE,TRUE,TRUE,TRUE
FJ190827-006,cf bimaculatus,cf bimaculatus,M,4.124395485,17.94805379,FALSE,FALSE,FALSE,TRUE
FJ190827-007,borealis,cf borealis,W,5.575,19.273,TRUE,TRUE,TRUE,TRUE
FJ190827-008,impatiens,cf impatiens,M,3.308709235,15.16810773,FALSE,FALSE,TRUE,TRUE
FJ190827-009,borealis,cf fervidus,W,4.507,19.801,TRUE,TRUE,TRUE,TRUE
FJ190827-010,bimaculatus,bimaculatus,W,4.201,17.666,TRUE,TRUE,TRUE,FALSE
FJ190827-011,vagans,,W,4.613,NA,FALSE,TRUE,TRUE,FALSE
FJ190827-012,rufocinctus,cf sandersoni,Q,6.445,24.203,TRUE,TRUE,TRUE,FALSE
FJ190827-013,bimaculatus,bimaculatus,W,4.783,21.404,TRUE,TRUE,TRUE,TRUE
FJ190827-014,impatiens,impatiens,W,4.804,17.507,TRUE,TRUE,TRUE,TRUE
FJ190827-015,impatiens,impatiens,W,4.49,18.872,TRUE,TRUE,TRUE,TRUE
FJ190827-016,impatiens,impatiens,W,4.533,16.274,TRUE,TRUE,TRUE,TRUE
FJ190827-017a,borealis,cf fervidus,W,4.891,21.755,TRUE,TRUE,TRUE,TRUE
FJ190827-017b,ternarius,ternarius,W,4.135707709,17.09948063,TRUE,TRUE,TRUE,TRUE
FJ190827-018,ternarius,ternarius,W,4.501412065,18.26159722,TRUE,TRUE,TRUE,TRUE
FJ190827-019,ternarius,ternarius,W,4.249313281,18.31611267,TRUE,TRUE,TRUE,TRUE
FJ190828-001,impatiens,impatiens,W,4.867,19.483,TRUE,TRUE,TRUE,TRUE
FJ190828-002,impatiens,impatiens,W,5.389,22.819,TRUE,TRUE,TRUE,TRUE
FJ190828-003,impatiens,impatiens,W,5.532358258,16.20993943,TRUE,TRUE,TRUE,TRUE
FJ190828-004,bimaculatus,bimaculatus,M,4.488,19.222,FALSE,TRUE,TRUE,TRUE
FJ190905-001,impatiens,impatiens,W,4.196,17.538,TRUE,TRUE,TRUE,TRUE
FJ190905-002,impatiens,impatiens,W,4.917,19.592,TRUE,TRUE,TRUE,TRUE
FJ190905-003,impatiens,impatiens,W,4.871,16.609,TRUE,TRUE,TRUE,TRUE
GFO190709-001,borealis,,Q,NA,NA,FALSE,TRUE,TRUE,TRUE
GSM220614-001,vagans,vagans,W,4.393601375,14.98672219,TRUE,TRUE,TRUE,TRUE
HFN190709-001,vagans,cf sandersoni,W,5.187088882,21.2387502,TRUE,FALSE,FALSE,TRUE
HFN190709-002,vagans,cf sandersoni,W,5.991,24.387,TRUE,TRUE,TRUE,FALSE
HHW230629-001,vagans,vagans,W,3.639758217,19.0642442,TRUE,TRUE,TRUE,TRUE
JAL230713-001,borealis,,W,NA,NA,FALSE,TRUE,TRUE,TRUE
JAL230713-002,vagans,vagans,W,3.511367239,11.9512451,TRUE,TRUE,TRUE,TRUE
JAL230713-003,vagans,,W,NA,NA,FALSE,TRUE,TRUE,TRUE
JG170708-021,,cf fervidus,W,4.016,20.461,FALSE,TRUE,TRUE,FALSE
JG170712-014,vagans,,W,3.374,15.569,FALSE,TRUE,TRUE,FALSE
JG170712-015,bimaculatus,,W,3.509,14.813,FALSE,TRUE,TRUE,FALSE
JG170712-016,,cf sandersoni,W,3.475,16.948,FALSE,TRUE,TRUE,FALSE
JG170712-016b,bimaculatus,,W,3.564,17.2,FALSE,TRUE,TRUE,FALSE
JG170712-022,,cf fervidus,W,4.752,21.187,FALSE,TRUE,TRUE,FALSE
JG170712-024,,cf rufocinctus,W,3.715,16.219,FALSE,TRUE,TRUE,FALSE
JG170712-026,ternarius,,W,3.674,16.935,FALSE,TRUE,TRUE,FALSE
JG170712-026b,vagans,,W,NA,NA,FALSE,TRUE,TRUE,FALSE
JG170712-027,vagans,,W,3.422,16.524,FALSE,TRUE,TRUE,FALSE
JG170712-028,borealis,,W,4.452,21.178,FALSE,TRUE,TRUE,FALSE
JG170712-047,vagans,,W,3.459,14.579,FALSE,TRUE,TRUE,FALSE
JG170712-049,borealis,,W,4.565,21.055,FALSE,TRUE,TRUE,FALSE
JG170712-050,bimaculatus,,W,4.897,20.014,FALSE,TRUE,TRUE,FALSE
JG170712-058,,cf perplexus,W,3.615,16.943,FALSE,TRUE,TRUE,FALSE
JG170712-062,vagans,,W,3.946,17.533,FALSE,TRUE,TRUE,FALSE
JG170712-063,bimaculatus,,W,3.943,20.756,FALSE,TRUE,TRUE,FALSE
JG170801-048,impatiens,,Q,4.206,23.165,FALSE,TRUE,TRUE,FALSE
JG170804-073,bimaculatus,,W,3.92,18.612,FALSE,TRUE,TRUE,FALSE
JG170804-074,bimaculatus,,W,5.082,20.955,FALSE,TRUE,TRUE,FALSE
JG170804-076,ternarius,,W,3.559,14.238,FALSE,TRUE,TRUE,FALSE
JG170804-077,ternarius,,W,3.635,14.955,FALSE,TRUE,TRUE,FALSE
JG170804-078,impatiens,,W,3.862,16.263,FALSE,TRUE,TRUE,FALSE
JG190804-035,terricola,,W,4.077,16.658,FALSE,TRUE,TRUE,FALSE
JL190610-040,impatiens,,Q,7.302,29.771,FALSE,TRUE,TRUE,FALSE
JL190610-041,impatiens,,Q,6.638,31.54,FALSE,TRUE,TRUE,FALSE
JL190612-001,bimaculatus,,W,3.556,16.008,FALSE,TRUE,TRUE,FALSE
JL190612-003,griseocollis,,Q,5.694,25.568,FALSE,TRUE,TRUE,FALSE
JL190619-001,ternarius,ternarius,W,4.262662477,17.73905489,TRUE,TRUE,TRUE,FALSE
JL190619-002,ternarius,ternarius,W,4.022332718,17.46983835,TRUE,TRUE,TRUE,FALSE
JL190619-003,ternarius,,Q,6.293,27.034,FALSE,TRUE,TRUE,TRUE
JL190619-004,terricola,,Q,7.227,28.575,FALSE,TRUE,TRUE,FALSE
JL190619-005,ternarius,,Q,6.027,23.963,FALSE,TRUE,TRUE,FALSE
JL190619-006,borealis,cf borealis,W,6.146,26.31,TRUE,TRUE,TRUE,FALSE
JL190619-007,ternarius,ternarius,W,4.106724036,17.37801013,TRUE,TRUE,TRUE,FALSE
JL190619-008,terricola,terricola,W,3.935366082,18.9588665,TRUE,TRUE,TRUE,FALSE
JL190619-009,bimaculatus,bimaculatus,W,4.33,20.745,TRUE,TRUE,TRUE,FALSE
JL190619-010,ternarius,ternarius,W,4.088422893,16.95784212,TRUE,TRUE,TRUE,FALSE
JL190627-001,bimaculatus,bimaculatus,W,3.832,13.861,TRUE,TRUE,TRUE,TRUE
JL190627-002,impatiens,impatiens,W,4.002,15.244,TRUE,TRUE,TRUE,TRUE
JL190628-001,ternarius,ternarius,W,3.872695844,16.20474329,TRUE,TRUE,TRUE,FALSE
JL190628-002,terricola,terricola,W,3.907283908,15.35557616,TRUE,TRUE,TRUE,FALSE
JL190628-003,borealis,cf borealis,Q,6.891,21.805,TRUE,TRUE,TRUE,FALSE
JL190628-005,bimaculatus,bimaculatus,W,4.798,21.216,TRUE,TRUE,TRUE,FALSE
JL190628-006,terricola,terricola,W,4.984433529,20.36877489,TRUE,TRUE,TRUE,FALSE
JL190703-001,vagans,,Q,5.19,21.859,TRUE,TRUE,TRUE,TRUE
JL190703-002,vagans,cf vagans,W,3.701778698,17.02627191,TRUE,TRUE,TRUE,FALSE
JL190703-003,bimaculatus,bimaculatus,W,3.778,17.016,TRUE,TRUE,TRUE,TRUE
JL190703-004a,bimaculatus,bimaculatus,W,4.23,16.349,FALSE,TRUE,TRUE,TRUE
JL190703-004b,vagans,cf vagans,W,4.305259534,16.75474852,TRUE,TRUE,TRUE,TRUE
JL190703-005,ternarius,ternarius,W,4.042851311,17.13522261,TRUE,TRUE,TRUE,TRUE
JL190703-006,ternarius,ternarius,W,3.670808725,19.99203011,TRUE,TRUE,TRUE,TRUE
JL190703-007,bimaculatus,bimaculatus,W,4.382,19.435,TRUE,TRUE,TRUE,TRUE
JL190703-008,bimaculatus,bimaculatus,W,4.687,20.537,TRUE,TRUE,TRUE,TRUE
JL190703-009,terricola,terricola,W,5.502543927,16.73642106,TRUE,TRUE,TRUE,TRUE
JL190703-010,terricola,terricola,W,4.718791544,18.94342794,TRUE,TRUE,TRUE,TRUE
JL190703-011,ternarius,ternarius,W,3.310388184,16.55741627,TRUE,TRUE,TRUE,TRUE
JL190703-012,bimaculatus,bimaculatus,W,4.266742429,17.05137942,TRUE,FALSE,FALSE,TRUE
JL190703-013,bimaculatus,bimaculatus,W,3.703,16.239,TRUE,TRUE,TRUE,TRUE
JL190705-003,impatiens,,W,NA,NA,FALSE,TRUE,TRUE,FALSE
JL190709-003,,cf vagans,W,NA,NA,FALSE,FALSE,FALSE,TRUE
JL190710-001,perplexus,cf vagans,W,4.421286347,20.69498476,TRUE,TRUE,TRUE,TRUE
JL190710-002,impatiens,impatiens,W,4.654,17.04,TRUE,TRUE,TRUE,TRUE
JL190710-005,vagans,,W,NA,NA,FALSE,TRUE,TRUE,TRUE
JL190711-001,ternarius,ternarius,W,3.664677013,16.55421453,TRUE,TRUE,TRUE,TRUE
JL190711-002,ternarius,ternarius,W,4.443,18.35,TRUE,TRUE,TRUE,TRUE
JL190711-003,terricola,terricola,W,4.315631366,13.10491071,TRUE,TRUE,TRUE,TRUE
JL190711-004,terricola,terricola,W,5.257,20.198,TRUE,TRUE,TRUE,TRUE
JL190711-005,terricola,terricola,W,4.720923671,22.71402858,TRUE,TRUE,TRUE,TRUE
JL190711-006,terricola,terricola,W,4.685130041,17.8666108,TRUE,TRUE,TRUE,TRUE
JL190711-007,bimaculatus,bimaculatus,W,4.301403172,15.13310399,TRUE,TRUE,TRUE,TRUE
JL190711-008,vagans,cf sandersoni,M,4.345,16.612,TRUE,TRUE,TRUE,TRUE
JL190716-001,ternarius,ternarius,W,3.739446411,15.73362433,TRUE,TRUE,TRUE,TRUE
JL190716-002,ternarius,ternarius,W,3.820895522,15.21150733,TRUE,TRUE,TRUE,TRUE
JL190716-003,vagans,cf vagans,W,3.715591025,14.96202854,TRUE,TRUE,TRUE,TRUE
JL190716-004,impatiens,,W,4.095,15.643,FALSE,TRUE,TRUE,TRUE
JL190716-005a,bimaculatus,,W,3.739,14.166,TRUE,TRUE,TRUE,TRUE
JL190716-005b,vagans,cf vagans,W,NA,NA,TRUE,FALSE,FALSE,FALSE
JL190716-006,ternarius,ternarius,W,4.026626016,18.77887119,TRUE,TRUE,TRUE,TRUE
JL190716-007,ternarius,ternarius,W,3.496858609,16.17474716,TRUE,TRUE,TRUE,TRUE
JL190716-008,ternarius,ternarius,W,3.983727938,15.80038517,TRUE,TRUE,TRUE,TRUE
JL190716-009,ternarius,ternarius,W,4.842972418,20.16493871,TRUE,TRUE,TRUE,TRUE
JL190716-010,bimaculatus,,M,4.843,20.165,FALSE,TRUE,TRUE,TRUE
JL190716-011,impatiens,impatiens,W,4.784,19.024,TRUE,TRUE,TRUE,TRUE
JL190716-012,impatiens,impatiens,W,4.413,17.944,TRUE,TRUE,TRUE,TRUE
JL190718-001,vagans,,M,NA,NA,FALSE,TRUE,TRUE,FALSE
JL190718-002,vagans,cf vagans,M,4.111,17.049,TRUE,TRUE,TRUE,TRUE
JL190724-001,terricola,terricola,W,4.903914796,17.44882568,TRUE,TRUE,TRUE,FALSE
JL190724-002,ternarius,ternarius,W,4.415349985,15.25223119,TRUE,TRUE,TRUE,TRUE
JL190724-003,bimaculatus,bimaculatus,W,4.657,18.392,TRUE,TRUE,TRUE,TRUE
JL190724-004,ternarius,ternarius,W,3.95985727,16.12122515,TRUE,TRUE,TRUE,TRUE
JL190724-005,ternarius,ternarius,W,3.351557083,15.71945997,TRUE,TRUE,TRUE,TRUE
JL190724-006,vagans,cf vagans,W,3.794047963,17.40393428,TRUE,TRUE,TRUE,TRUE
JL190731-001,impatiens,impatiens,W,4.298,16.8,TRUE,TRUE,TRUE,TRUE
JL190731-002,impatiens,impatiens,W,4.933,18.322,TRUE,TRUE,TRUE,TRUE
JL190731-003,impatiens,impatiens,W,5.028,19.64,TRUE,TRUE,TRUE,TRUE
JL190731-004,bimaculatus,bimaculatus,W,5.139,19.413,TRUE,TRUE,TRUE,TRUE
JL190731-005,bimaculatus,bimaculatus,W,4.693,18.362,TRUE,TRUE,TRUE,TRUE
JL190806-001,vagans,,M,5.057,18.824,TRUE,TRUE,TRUE,TRUE
JL190806-002,bimaculatus,,M,4.674,19.663,FALSE,TRUE,TRUE,TRUE
JL190806-004,bimaculatus,bimaculatus,W,4.297,19.267,TRUE,TRUE,TRUE,TRUE
JL190806-005,impatiens,impatiens,W,4.924,21.444,TRUE,TRUE,TRUE,TRUE
JL190806-006,impatiens,impatiens,W,4.263,17.707,TRUE,TRUE,TRUE,TRUE
JL190806-007,impatiens,,W,NA,21.907,TRUE,TRUE,TRUE,TRUE
JL190806-008,bimaculatus,bimaculatus,W,4.767,19.691,TRUE,TRUE,TRUE,TRUE
JL190809-001,ternarius,ternarius,W,3.54655647,14.08792134,TRUE,TRUE,TRUE,TRUE
JL190809-002,ternarius,ternarius,W,3.842310846,16.64336896,TRUE,TRUE,TRUE,TRUE
JL190809-003,vagans,cf vagans,W,4.117207916,16.33525713,TRUE,TRUE,TRUE,TRUE
JL190809-004,ternarius,ternarius,W,3.717006783,15.09278439,TRUE,TRUE,TRUE,TRUE
JL190809-005,vagans,cf vagans,W,4.207972083,17.80338638,TRUE,TRUE,TRUE,TRUE
JL190809-006,ternarius,ternarius,W,3.891659445,17.38042159,TRUE,TRUE,TRUE,TRUE
JL190809-007,ternarius,ternarius,W,3.397214956,13.43358148,TRUE,TRUE,TRUE,TRUE
JL190809-008,ternarius,ternarius,M,3.945,16.841,TRUE,TRUE,TRUE,TRUE
JL190809-009,ternarius,,W,3.61,14.125,FALSE,TRUE,TRUE,TRUE
JL190809-010,bimaculatus,,M,5.013,20.075,FALSE,TRUE,TRUE,TRUE
JL190809-011,bimaculatus,,M,4.489,18.512,FALSE,TRUE,TRUE,TRUE
JL190809-012,ternarius,ternarius,Q,5.08737852,19.15343269,TRUE,FALSE,FALSE,TRUE
JL190827-010,bimaculatus,,W,NA,NA,FALSE,FALSE,FALSE,TRUE
JL190905-001,impatiens,,M,4.776,18.741,FALSE,TRUE,TRUE,TRUE
JL190910-001,impatiens,impatiens,W,5.015,19.538,TRUE,TRUE,TRUE,TRUE
JL200920-003,impatiens,,M,NA,NA,FALSE,FALSE,FALSE,TRUE
JLS180814-001,borealis,,Q,7.15,34.143,FALSE,TRUE,TRUE,FALSE
JLS180814-018,borealis,,M,4.497,23.227,FALSE,TRUE,TRUE,FALSE
JMS190709-001,vagans,cf vagans,W,3.869364213,17.91755483,TRUE,TRUE,TRUE,TRUE
LMB190709-001,vagans,cf sandersoni,W,5.736,22.369,TRUE,TRUE,TRUE,TRUE
LMB190715-001,bimaculatus,bimaculatus,W,5.107,22.65,TRUE,TRUE,TRUE,TRUE
LSK230629-001,vagans,cf vagans,W,3.59212732,19.56521765,TRUE,TRUE,TRUE,TRUE
MEM230629-002,vagans,,W,4.350602845,17.80883865,TRUE,TRUE,TRUE,TRUE
MEM230629-003,borealis,,W,NA,NA,FALSE,TRUE,TRUE,TRUE
MEM230630-002,griseocollis,griseocollis,W,5.374129788,17.09351065,TRUE,TRUE,TRUE,TRUE
MEM230630-005,impatiens,,W,NA,14.49105315,FALSE,TRUE,TRUE,TRUE
MEM230630-007,impatiens,,W,4.050094319,14.11875286,TRUE,TRUE,TRUE,TRUE
MEM230630-009,griseocollis,,W,NA,NA,FALSE,TRUE,TRUE,TRUE
MEM230726-001,impatiens,,W,4.716472586,17.29960562,FALSE,TRUE,TRUE,TRUE
MEM230726-002,impatiens,,W,3.967836797,13.6675731,TRUE,TRUE,TRUE,TRUE
MEM230726-003,impatiens,cf impatiens,W,3.991389128,14.45457845,TRUE,TRUE,TRUE,TRUE
MEM230802-001,impatiens,,W,3.86691683,17.43689065,TRUE,TRUE,TRUE,TRUE
MEM230802-002,bimaculatus,,M,3.592537046,17.12936339,FALSE,TRUE,TRUE,TRUE
MEM230802-003,impatiens,,W,2.587656092,16.28725494,TRUE,TRUE,TRUE,TRUE
MEM230802-004,bimaculatus,,M,4.486164418,14.69219935,FALSE,TRUE,TRUE,TRUE
MEM230802-006,bimaculatus,,M,3.694287558,15.82931485,FALSE,TRUE,TRUE,TRUE
MEM230802-008,bimaculatus,,M,3.831334077,16.83434674,FALSE,TRUE,TRUE,TRUE
MEM230802-010,bimaculatus,,M,4.212986818,16.23157419,FALSE,TRUE,TRUE,FALSE
MEM230802-011,impatiens,,W,3.144368685,15.14849582,TRUE,TRUE,TRUE,TRUE
MEM230802-012,bimaculatus,,M,4.374585858,16.37397721,FALSE,TRUE,TRUE,TRUE
MEM230802-014,impatiens,,W,4.351428139,18.7713002,TRUE,TRUE,TRUE,TRUE
MEM230802-015,bimaculatus,,M,3.363318433,14.27046293,FALSE,TRUE,TRUE,TRUE
MEM230809-001,impatiens,,W,4.310328248,19.53602102,TRUE,TRUE,TRUE,TRUE
MEM230809-002,bimaculatus,,M,4.103733063,18.89307,FALSE,TRUE,TRUE,TRUE
MEM230809-003,bimaculatus,,M,4.626709235,18.92350018,FALSE,TRUE,TRUE,TRUE
MM190709-001,vagans,cf vagans,W,3.793166626,17.83949057,TRUE,TRUE,TRUE,TRUE
MPS180619-010,impatiens,,W,4.263,18.333,FALSE,TRUE,TRUE,FALSE
MPS180619-011,impatiens,,W,3.737,15.297,FALSE,TRUE,TRUE,TRUE
MPS180619-012,bimaculatus,,W,4.59,18.495,FALSE,TRUE,TRUE,FALSE
MPS180619-013,bimaculatus,,W,4.551,17.999,FALSE,TRUE,TRUE,FALSE
MT190709-001,vagans,cf vagans,W,4.033774699,18.34809751,TRUE,TRUE,TRUE,FALSE
MY180615-001,bimaculatus,,W,4.534,17.364,FALSE,TRUE,TRUE,FALSE
MY180615-002,ternarius,,Q,5.868,25.19,FALSE,TRUE,TRUE,FALSE
MY180615-005,ternarius,,W,3.76,15.754,FALSE,TRUE,TRUE,TRUE
MY180615-006,terricola,,W,4.648,18.937,FALSE,TRUE,TRUE,FALSE
MY180615-007,terricola,,W,4.926,20.021,FALSE,TRUE,TRUE,TRUE
MY180615-009,bimaculatus,,W,4.396,19.455,FALSE,TRUE,TRUE,FALSE
MY180615-011,bimaculatus,,W,5.438,25.024,FALSE,TRUE,TRUE,FALSE
MY180615-013,terricola,,W,4.282,19.337,FALSE,TRUE,TRUE,TRUE
MY180616-001,impatiens,,Q,5.246693048,NA,FALSE,TRUE,TRUE,FALSE
MY180616-002,bimaculatus,,W,NA,NA,FALSE,TRUE,TRUE,FALSE
MY180616-003,bimaculatus,,W,NA,NA,FALSE,TRUE,TRUE,FALSE
MY180616-003a,bimaculatus,,W,NA,NA,FALSE,TRUE,TRUE,FALSE
MY180616-004,ternarius,,W,NA,NA,FALSE,TRUE,TRUE,TRUE
MY180619-001,vagans,,W,3.768,15.597,FALSE,TRUE,TRUE,TRUE
MY180619-005,vagans,,W,NA,NA,FALSE,TRUE,TRUE,TRUE
MY180619-020,bimaculatus,,W,4.381,17.403,FALSE,TRUE,TRUE,FALSE
MY180619-022,bimaculatus,,W,4.415,19.354,FALSE,TRUE,TRUE,FALSE
MY180621-001,bimaculatus,,W,4.409,18.059,FALSE,TRUE,TRUE,FALSE
MY180621-005,impatiens,,W,4.41,NA,FALSE,TRUE,TRUE,FALSE
MY180622-002,bimaculatus,,W,4.598,19.218,FALSE,TRUE,TRUE,TRUE
MY180622-003,bimaculatus,,W,NA,19.949,FALSE,TRUE,TRUE,FALSE
MY180622-005,ternarius,,W,4.436,19.968,FALSE,TRUE,TRUE,TRUE
MY180626-001,vagans,,W,NA,14.49,FALSE,TRUE,TRUE,TRUE
MY180626-002,ternarius,,W,3.498,15.669,FALSE,TRUE,TRUE,TRUE
MY180626-003,vagans,,Q,5.611,24.009,FALSE,TRUE,TRUE,TRUE
MY180626-004,bimaculatus,,W,4.413,19.476,FALSE,TRUE,TRUE,FALSE
MY180626-005,ternarius,,W,4.31,16.552,FALSE,TRUE,TRUE,FALSE
MY180626-006,ternarius,,W,3.517,14.723,FALSE,TRUE,TRUE,TRUE
MY180626-007,bimaculatus,,W,4.09,18.053,FALSE,TRUE,TRUE,FALSE
MY180626-008,vagans,,W,4.402,17.646,FALSE,TRUE,TRUE,TRUE
MY180629-001,vagans,,W,3.889,15.896,FALSE,TRUE,TRUE,TRUE
MY180629-002,vagans,,W,3.806,14.248,FALSE,TRUE,TRUE,TRUE
MY180629-003,vagans,,W,3.606,16.166,FALSE,TRUE,TRUE,TRUE
MY180629-004,vagans,,W,4.223,16.797,FALSE,TRUE,TRUE,FALSE
MY180703-002,terricola,,W,4.835,18.503,FALSE,TRUE,TRUE,TRUE
MY180703-003,terricola,terricola,W,4.326,21.877,TRUE,TRUE,TRUE,TRUE
MY180703-004,terricola,,W,5.168,20.046,FALSE,TRUE,TRUE,TRUE
MY180703-005,terricola,terricola,W,4.56,18.668,TRUE,TRUE,TRUE,TRUE
MY180703-007,impatiens,,W,4.755,18.119,FALSE,TRUE,TRUE,TRUE
MY180703-008,vagans,,W,5.76,17.942,FALSE,TRUE,TRUE,FALSE
MY180711-001,bimaculatus,,W,4.58,21.301,FALSE,TRUE,TRUE,FALSE
MY180711-002,bimaculatus,,M,5.534,23.319,FALSE,TRUE,TRUE,FALSE
MY180711-003,bimaculatus,,W,3.571,17.587,FALSE,TRUE,TRUE,FALSE
MY180711-004,bimaculatus,,W,5.15,19.748,FALSE,TRUE,TRUE,FALSE
MY180711-005,bimaculatus,,M,4.36,19.567,FALSE,TRUE,FALSE,FALSE
MY180711-006,bimaculatus,,M,4.33,NA,FALSE,TRUE,TRUE,FALSE
MY180719-001,ternarius,,W,3.784,15.372,FALSE,TRUE,TRUE,FALSE
MY180719-002,ternarius,,W,3.642,15.251,FALSE,TRUE,TRUE,FALSE
MY180719-003,impatiens,,W,3.968,NA,FALSE,TRUE,TRUE,TRUE
MY180719-004,impatiens,,W,4.553,19.432,FALSE,TRUE,TRUE,FALSE
MY180719-005,ternarius,,W,3.843,16.677,FALSE,TRUE,TRUE,FALSE
MY180719-006,bimaculatus,,W,5.228,20.892,FALSE,TRUE,TRUE,FALSE
MY180719-007,ternarius,,W,3.326,13.58,FALSE,TRUE,TRUE,FALSE
MY180731-001,vagans,,W,2.888,NA,FALSE,TRUE,TRUE,TRUE
MY180731-003,vagans,,W,4.105,19.246,FALSE,TRUE,TRUE,TRUE
MY180802-001,vagans,,W,3.928,16.297,FALSE,TRUE,TRUE,TRUE
MY180802-002,borealis,,W,5.143,24.794,FALSE,TRUE,TRUE,TRUE
MY180802-004,ternarius,,W,3.739,16.151,FALSE,TRUE,TRUE,FALSE
MY180802-006,ternarius,,W,4.07,15.191,FALSE,TRUE,TRUE,FALSE
MY180802-007,ternarius,,W,3.284,15.238,FALSE,TRUE,TRUE,FALSE
MY180814-001,borealis,,M,5.247,22.935,FALSE,TRUE,TRUE,FALSE
MY180814-002,,cf rufocinctus,M,4.321,21.501,FALSE,TRUE,TRUE,FALSE
MY180814-003,vagans,,W,4.581,18.605,FALSE,TRUE,TRUE,FALSE
MY180814-005,borealis,,M,4.188,20.824,FALSE,TRUE,TRUE,FALSE
MY180814-007,vagans,,M,4.203,15.632,FALSE,TRUE,TRUE,FALSE
MY180814-008,impatiens,,M,5.746,24.437,FALSE,TRUE,TRUE,FALSE
MY180814-009,vagans,,W,4.21,18.82,FALSE,TRUE,TRUE,TRUE
MY180814-010,vagans,,W,4.626,17.748,FALSE,TRUE,TRUE,TRUE
MY180814-011,borealis,,M,4.833,22.862,FALSE,TRUE,TRUE,FALSE
MY180814-012,vagans,,M,4.473,19.161,FALSE,TRUE,TRUE,FALSE
MY180814-013,vagans,,M,4.361,19.494,FALSE,TRUE,TRUE,FALSE
MY180814-014,ternarius,,W,2.789,13.916,FALSE,TRUE,TRUE,FALSE
MY190522-001,bimaculatus,,Q,4.654392389,28.485,FALSE,TRUE,TRUE,FALSE
MY190522-002,bimaculatus,,Q,6.944,26.609,FALSE,TRUE,TRUE,FALSE
MY190522-003,bimaculatus,,Q,6.887,NA,FALSE,TRUE,TRUE,FALSE
MY190522-004,impatiens,,Q,7.148,NA,FALSE,TRUE,TRUE,FALSE
MY190522-005,bimaculatus,,Q,5.838,25.43,FALSE,TRUE,TRUE,FALSE
MY190522-006,impatiens,,Q,7.019,NA,FALSE,TRUE,TRUE,FALSE
MY190529-001,impatiens,,Q,6.566,27.796,FALSE,TRUE,TRUE,FALSE
MY190529-002,impatiens,,Q,6.092,20.65,FALSE,TRUE,TRUE,FALSE
MY190605-001,bimaculatus,,Q,7.155,NA,FALSE,TRUE,TRUE,FALSE
MY190605-004,impatiens,,Q,7.234,32.49,FALSE,TRUE,TRUE,FALSE
MY190612-001,bimaculatus,bimaculatus,W,3.896,16.404,TRUE,TRUE,TRUE,FALSE
MY190619-001,ternarius,,Q,6.728,28.37,FALSE,TRUE,TRUE,FALSE
MY190619-002,bimaculatus,bimaculatus,W,4.234,19.75,TRUE,TRUE,TRUE,FALSE
MY190619-003,ternarius,ternarius,W,3.506699781,15.86588249,TRUE,TRUE,TRUE,FALSE
MY190619-004,borealis,cf borealis,Q,6.926,27.454,TRUE,TRUE,TRUE,FALSE
MY190621-001,bimaculatus,bimaculatus,W,3.936,17.23,TRUE,TRUE,TRUE,FALSE
MY190621-002,bimaculatus,bimaculatus,W,4.216,18.265,TRUE,TRUE,TRUE,FALSE
MY190620-008,,cf vagans,M,NA,NA,FALSE,FALSE,FALSE,TRUE
MY190709-001,vagans,,W,NA,NA,FALSE,FALSE,FALSE,TRUE
NNK230629-001,impatiens,,W,4.423952122,20.55119577,TRUE,TRUE,TRUE,TRUE
NNK230713-001,vagans,vagans,W,3.576611867,11.35940226,TRUE,TRUE,TRUE,TRUE
NNK230713-002,vagans,vagans,W,3.600761168,12.16317835,TRUE,TRUE,TRUE,TRUE
NNK230730-003,vagans,,W,NA,NA,FALSE,TRUE,TRUE,TRUE
OW220607-001,impatiens,,Q,6.25034527,27.53614524,FALSE,TRUE,TRUE,FALSE
OW220607-005,terricola,,Q,5.756804674,25.98411882,FALSE,TRUE,TRUE,FALSE
OW220614-001,impatiens,,Q,6.84033714,24.08074187,FALSE,TRUE,TRUE,TRUE
OW220614-002,bimaculatus,,Q,NA,NA,FALSE,TRUE,TRUE,TRUE
OW220614-008,vagans,vagans,W,4.850690891,13.3413321,TRUE,TRUE,TRUE,TRUE
OW220614-012,bimaculatus,,W,3.822457692,15.13545951,TRUE,TRUE,TRUE,TRUE
OW220614-013,borealis,,Q,NA,NA,FALSE,TRUE,TRUE,TRUE
OW220614-014,impatiens,,Q,NA,NA,FALSE,TRUE,TRUE,TRUE
OW220614-015,griseocollis,griseocollis,W,4.496612614,15.50736438,TRUE,TRUE,TRUE,FALSE
OW220614-016,impatiens,impatiens,Q,5.787726667,26.54808639,TRUE,TRUE,TRUE,TRUE
OW220614-018,ternarius,ternarius,Q,6.105281139,24.58197832,TRUE,TRUE,TRUE,FALSE
OW220614-021,bimaculatus,cf,Q,6.778446759,24.8833514,TRUE,TRUE,TRUE,TRUE
OW220614-026,impatiens,impatiens,Q,7.255544247,27.88647811,TRUE,TRUE,TRUE,TRUE
OW220616-001,bimaculatus,,W,NA,15.30687058,FALSE,TRUE,TRUE,FALSE
OW220616-004,impatiens,,W,3.991660003,15.96954041,FALSE,TRUE,TRUE,FALSE
OW220616-005,bimaculatus,,W,3.95061344,16.98034403,FALSE,TRUE,TRUE,FALSE
OW220616-007,bimaculatus,,W,4.910900664,20.65929517,FALSE,TRUE,TRUE,FALSE
OW220616-008,bimaculatus,,W,4.138061884,17.05925596,FALSE,TRUE,TRUE,FALSE
OW220616-05,bimaculatus,bimaculatus,W,4.060044072,14.8035263,TRUE,FALSE,FALSE,FALSE
OW220616-07,bimaculatus,bimaculatus,W,4.863165236,16.66605715,TRUE,FALSE,FALSE,FALSE
OW220616-08,bimaculatus,bimaculatus,W,4.147567774,16.07217861,TRUE,FALSE,FALSE,FALSE
OW220620-001,impatiens,,Q,6.368257629,25.63555499,FALSE,TRUE,TRUE,FALSE
OW220620-003,impatiens,,Q,5.944544133,24.81344899,FALSE,TRUE,TRUE,FALSE
OW220620-004,griseocollis,griseocollis,W,4.911589636,17.97904929,TRUE,TRUE,TRUE,FALSE
OW220620-005,griseocollis,griseocollis,W,4.932951559,15.79438032,TRUE,TRUE,TRUE,FALSE
OW220620-006,griseocollis,griseocollis,W,4.486877401,18.86780739,TRUE,TRUE,TRUE,FALSE
OW220620-007,terricola,terricola,W,4.256037192,16.54136031,TRUE,TRUE,TRUE,FALSE
OW220621-003a,bimaculatus,bimaculatus,W,4.066343012,17.42602119,TRUE,TRUE,TRUE,FALSE
OW220621-003b,griseocollis,griseocollis,W,4.393616499,17.0279235,TRUE,TRUE,TRUE,FALSE
OW220621-004,griseocollis,griseocollis,W,4.627382001,17.49057979,TRUE,TRUE,TRUE,FALSE
OW220621-005,griseocollis,griseocollis,W,5.454621711,19.76318981,TRUE,TRUE,TRUE,FALSE
OW220629-001,griseocollis,griseocollis,W,3.924548376,16.72829313,TRUE,TRUE,TRUE,FALSE
OW220629-011,perplexus,cf perplexus,W,4.102015417,15.50079606,TRUE,TRUE,TRUE,FALSE
OW220708-002,ternarius,ternarius,W,3.722843425,12.59089763,TRUE,TRUE,TRUE,TRUE
OW220708-003,bimaculatus,,W,NA,NA,FALSE,TRUE,TRUE,TRUE
OW220708-006,griseocollis,griseocollis,W,5.808049444,19.95852548,TRUE,FALSE,FALSE,FALSE
OW220708-006a,griseocollis,,W,4.540367649,18.60941055,FALSE,TRUE,TRUE,FALSE
OW220708-006b,impatiens,,W,3.938108913,13.83730648,FALSE,TRUE,TRUE,TRUE
OW220708-008,bimaculatus,,W,3.461193777,14.56010763,TRUE,TRUE,TRUE,TRUE
OW220708-009,bimaculatus,bimaculatus,W,2.999758261,14.39304616,TRUE,TRUE,TRUE,TRUE
OW220708-010,griseocollis,griseocollis,W,4.588338601,19.40895376,TRUE,TRUE,TRUE,FALSE
OW220708-011,bimaculatus,,W,4.73543665,16.63561662,FALSE,TRUE,TRUE,TRUE
OW220714-001,griseocollis,griseocollis,M,5.90852508,19.45173757,TRUE,TRUE,TRUE,FALSE
OW220714-002,griseocollis,griseocollis,W,4.641224781,19.3483097,TRUE,TRUE,TRUE,FALSE
OW220714-004,griseocollis,griseocollis,M,NA,19.73672582,TRUE,TRUE,TRUE,FALSE
OW220714-005,griseocollis,griseocollis,W,5.776192217,23.82110419,TRUE,TRUE,TRUE,FALSE
OW220714-008,griseocollis,griseocollis,W,3.277895161,13.86353277,TRUE,TRUE,TRUE,FALSE
OW220720-001,terricola,terricola,W,5.012134968,19.4815829,TRUE,TRUE,TRUE,FALSE
OW220720-004,griseocollis,griseocollis,W,4.147092574,17.05012218,TRUE,TRUE,TRUE,FALSE
OW220720-007,griseocollis,griseocollis,M,6.11295847,21.04898541,TRUE,TRUE,TRUE,FALSE
OW220720-008,griseocollis,griseocollis,M,6.243187335,19.2795945,TRUE,TRUE,TRUE,FALSE
OW220720-009,griseocollis,griseocollis,M,6.109593041,16.12650264,TRUE,TRUE,TRUE,FALSE
OW220720-010,griseocollis,griseocollis,M,5.035861117,21.70947448,TRUE,TRUE,TRUE,FALSE
OW220720-011,terricola,terricola,W,4.438924796,14.71285705,TRUE,TRUE,TRUE,FALSE
OW220720-012,terricola,terricola,W,4.926777836,17.20713042,TRUE,TRUE,TRUE,FALSE
OW220720-016,ternarius,ternarius,W,3.876460917,14.16990423,TRUE,TRUE,TRUE,FALSE
OW220728-003,griseocollis,griseocollis,M,NA,18.235219,TRUE,TRUE,TRUE,TRUE
OW220728-004,griseocollis,griseocollis,M,6.165322475,20.74330885,TRUE,TRUE,TRUE,TRUE
PF190610-014,vagans,,W,4.88,19.016,FALSE,TRUE,TRUE,FALSE
PF190610-015,vagans,,W,5.499,19.683,FALSE,TRUE,TRUE,FALSE
PF190610-027,,cf rufocinctus,W,NA,NA,FALSE,TRUE,TRUE,FALSE
PF190709-001,vagans,cf vagans,W,4.010070567,14.53396301,TRUE,TRUE,TRUE,TRUE
PF190709-002,vagans,cf vagans,W,4.109,15.937,TRUE,TRUE,TRUE,TRUE
PF190709-003,rufocinctus,cf rufocinctus,W,4.215,16.022,TRUE,TRUE,TRUE,TRUE
PF190709-005,impatiens,impatiens,W,4.582,18.822,TRUE,TRUE,TRUE,TRUE
PF190709-006,impatiens,impatiens,Q,6.963,31.95,TRUE,TRUE,TRUE,FALSE
PF190709-007,vagans,vagans,W,4.904,20.78,TRUE,TRUE,TRUE,TRUE
PF190709-008,bimaculatus,bimaculatus,W,4.552,21.459,TRUE,TRUE,TRUE,TRUE
PF190709-009,bimaculatus,bimaculatus,W,4.248,17.896,TRUE,TRUE,TRUE,TRUE
PF190718-001,vagans,cf vagans,W,4.130249978,16.25547884,TRUE,TRUE,TRUE,TRUE
PF190724-001,bimaculatus,bimaculatus,W,5.58,24.069,TRUE,TRUE,TRUE,TRUE
PF190724-002,impatiens,impatiens,W,4.788,20.199,TRUE,TRUE,TRUE,TRUE
PF190724-003,impatiens,impatiens,W,5.169,21.195,TRUE,TRUE,TRUE,TRUE
PF190724-004,impatiens,impatiens,W,4.091,16.165,TRUE,TRUE,TRUE,TRUE
PF190724-005,ternarius,ternarius,W,3.39,15.436,TRUE,TRUE,TRUE,TRUE
PF190724-006,vagans,cf vagans,W,4.272229783,18.97033069,TRUE,TRUE,TRUE,TRUE
PF190724-007,impatiens,,Q,6.784,29.974,FALSE,TRUE,TRUE,TRUE
PF190724-008,bimaculatus,bimaculatus,W,4.141,18.397,TRUE,TRUE,TRUE,TRUE
PRM190709-001,borealis,cf borealis,W,4.955,20.119,TRUE,TRUE,TRUE,TRUE
PS170709-067,bimaculatus,,W,3.966,16.991,FALSE,TRUE,TRUE,FALSE
REA230629-002,vagans,vagans,W,4.754597409,18.37087121,TRUE,TRUE,TRUE,TRUE
RGA190718-001,ternarius,ternarius,W,3.6,16.808,TRUE,TRUE,TRUE,TRUE
RLR230713-001,vagans,vagans,W,NA,13.19226271,TRUE,TRUE,TRUE,TRUE
TJ190529-001,impatiens,,W,7.424,33.812,FALSE,TRUE,TRUE,TRUE
TJ190530-003,impatiens,,Q,6.888,NA,FALSE,TRUE,TRUE,FALSE
TWAB180607-002,bimaculatus,,Q,NA,NA,FALSE,TRUE,FALSE,FALSE
TWM180607-003,bimaculatus,,Q,6.875,29.474,FALSE,TRUE,TRUE,FALSE
TWM180614-001,impatiens,,W,NA,NA,FALSE,TRUE,TRUE,FALSE
TWM180614-003,impatiens,,W,NA,NA,FALSE,TRUE,TRUE,FALSE
TWM180614-010,borealis,,W,NA,NA,FALSE,TRUE,TRUE,FALSE
TWM180614-012,vagans,,W,NA,NA,FALSE,TRUE,TRUE,FALSE
TWM180614-013,vagans,,W,NA,NA,FALSE,TRUE,TRUE,FALSE
TWM180614-019,vagans,,W,NA,NA,FALSE,TRUE,TRUE,FALSE
TWM180614-033,borealis,,W,NA,NA,FALSE,TRUE,TRUE,FALSE
TWM180614-034,borealis,,W,NA,NA,FALSE,TRUE,TRUE,FALSE
TWM180614-036,borealis,,Q,NA,NA,FALSE,TRUE,TRUE,FALSE
TWM180614-040,impatiens,,W,NA,NA,FALSE,TRUE,TRUE,FALSE
TWM180614-054,bimaculatus,,W,NA,NA,FALSE,TRUE,TRUE,FALSE
TWM180614-055,impatiens,,W,NA,NA,FALSE,TRUE,TRUE,FALSE
TWM180614-056,bimaculatus,,Q,NA,NA,FALSE,TRUE,TRUE,FALSE
TWM180614-059,bimaculatus,,W,NA,NA,FALSE,TRUE,TRUE,FALSE
TWM180614-060,,cf rufocinctus,W,NA,NA,FALSE,TRUE,TRUE,FALSE
TWM180614-061,bimaculatus,,W,NA,NA,FALSE,TRUE,TRUE,FALSE
TWM180614-064,vagans,,W,NA,NA,FALSE,TRUE,TRUE,FALSE
TWM180614-068,bimaculatus,,W,NA,NA,FALSE,TRUE,TRUE,FALSE
TWM180614-070,terricola,,W,NA,NA,FALSE,TRUE,TRUE,FALSE
TWM180614-072,bimaculatus,,W,NA,NA,FALSE,TRUE,TRUE,FALSE
TWM180614-079,borealis,,W,NA,NA,FALSE,TRUE,TRUE,FALSE
TWM180614-082,terricola,,W,NA,NA,FALSE,TRUE,TRUE,FALSE
TWM180614-150,,cf rufocinctus,W,NA,NA,FALSE,TRUE,TRUE,FALSE
TWM180614-160,terricola,,W,NA,NA,FALSE,TRUE,TRUE,FALSE
TWM180614-161,vagans,,W,NA,NA,FALSE,TRUE,TRUE,FALSE
TWM180614-163,vagans,,W,NA,NA,FALSE,TRUE,FALSE,FALSE
TWM180614-167,vagans,,W,NA,NA,FALSE,TRUE,TRUE,FALSE
TWM180614-170,,cf rufocinctus,W,NA,NA,FALSE,TRUE,TRUE,FALSE
TWM180615-001,ternarius,,Q,6.235,29.251,FALSE,TRUE,TRUE,FALSE
TWM180615-004,ternarius,,W,3.023,12.159,FALSE,TRUE,TRUE,TRUE
TWM180615-006,terricola,,W,4.451,18.171,FALSE,TRUE,TRUE,FALSE
TWM180615-009,bimaculatus,,W,3.302,15.579,FALSE,TRUE,TRUE,FALSE
TWM180615-010,impatiens,,Q,7.121,29.552,FALSE,TRUE,TRUE,FALSE
TWM180616-002,ternarius,,Q,NA,NA,FALSE,TRUE,TRUE,FALSE
TWM180616-003,ternarius,,Q,NA,NA,FALSE,TRUE,TRUE,FALSE
TWM180621-002,bimaculatus,,W,4.77,22.072,FALSE,TRUE,TRUE,FALSE
TWM180621-003,bimaculatus,,W,NA,15.109,FALSE,TRUE,TRUE,FALSE
TWM180622-002,bimaculatus,,W,4.616,19.302,FALSE,TRUE,TRUE,FALSE
TWM180626-002,bimaculatus,,W,4.799,20.615,FALSE,TRUE,TRUE,FALSE
TWM180626-004,bimaculatus,,W,4.527,18.451,FALSE,TRUE,TRUE,FALSE
TWM180626-005,bimaculatus,,W,4.618,18.01,FALSE,TRUE,TRUE,FALSE
TWM180626-006,ternarius,,W,4.171,17.149,FALSE,TRUE,TRUE,TRUE
TWM180626-007,ternarius,,W,4.085,16.671,FALSE,TRUE,TRUE,TRUE
TWM180626-008,vagans,,W,4.546,16.881,FALSE,TRUE,TRUE,TRUE
TWM180626-009,vagans,,W,4.216,18.513,FALSE,TRUE,TRUE,FALSE
TWM180626-010,vagans,,W,4.581,16.607,FALSE,TRUE,TRUE,TRUE
TWM180629-001,borealis,,W,5.061,20.22,FALSE,TRUE,TRUE,FALSE
TWM180629-003,vagans,,W,4.304,16.212,FALSE,TRUE,TRUE,FALSE
TWM180629-005,ternarius,,W,3.994,17.118,FALSE,TRUE,TRUE,FALSE
TWM180629-006,bimaculatus,,W,4.434,18.059,FALSE,TRUE,TRUE,FALSE
TWM180629-007,bimaculatus,,W,4.623,20.204,FALSE,TRUE,TRUE,FALSE
TWM180629-008,vagans,,W,3.209,16.176,FALSE,TRUE,TRUE,FALSE
TWM180629-009,vagans,,Q,5.918,25.381,FALSE,TRUE,TRUE,FALSE
TWM180703-001,terricola,,W,5.564,22.486,FALSE,TRUE,TRUE,TRUE
TWM180703-002,ternarius,,W,4.367,16.062,FALSE,TRUE,TRUE,FALSE
TWM180703-003,ternarius,,W,4.211,17.372,FALSE,TRUE,TRUE,FALSE
TWM180703-004,borealis,,W,5.321,22.154,FALSE,TRUE,TRUE,TRUE
TWM180703-005,borealis,,W,4.653,19.78,FALSE,TRUE,TRUE,FALSE
TWM180703-006,ternarius,,W,4.061,18.077,FALSE,TRUE,TRUE,FALSE
TWM180711-001,bimaculatus,,W,4.434,18.081,FALSE,TRUE,TRUE,FALSE
TWM180711-002,bimaculatus,,W,4.711,18.96,FALSE,TRUE,TRUE,FALSE
TWM180711-003,bimaculatus,,W,4.764,18.396,FALSE,TRUE,TRUE,FALSE
TWM180711-005,bimaculatus,,W,4.673,20.591,FALSE,TRUE,TRUE,FALSE
TWM180711-006,bimaculatus,,W,4.51,20.001,FALSE,TRUE,TRUE,FALSE
TWM180711-008,terricola,,M,3.997,16.974,FALSE,TRUE,TRUE,FALSE
TWM180711-009,terricola,,M,4.234,19.129,FALSE,TRUE,TRUE,FALSE
TWM180711-011,bimaculatus,,M,4.943,23.338,FALSE,TRUE,TRUE,FALSE
TWM180711-013,bimaculatus,,M,4.754,18.77,FALSE,TRUE,TRUE,FALSE
TWM180711-013b,,cf fervidus,M,4.685,18.654,FALSE,TRUE,TRUE,FALSE
TWM180711-014,impatiens,,W,4.966,19.73,FALSE,TRUE,TRUE,TRUE
TWM180711-015,vagans,,M,3.877,NA,FALSE,TRUE,TRUE,FALSE
TWM180711-016,bimaculatus,,M,4.625,21.243,FALSE,TRUE,FALSE,FALSE
TWM180711-017,,cf fervidus,M,NA,NA,FALSE,TRUE,TRUE,FALSE
TWM180719-001,impatiens,,W,4.288,18.585,FALSE,TRUE,TRUE,FALSE
TWM180719-002,bimaculatus,,M,4.695,20.975,FALSE,TRUE,TRUE,FALSE
TWM180719-003,bimaculatus,,W,4.067,19.895,FALSE,TRUE,TRUE,FALSE
TWM180719-004,ternarius,,W,3.011,15.093,FALSE,TRUE,TRUE,FALSE
TWM180719-005,ternarius,,W,NA,NA,FALSE,TRUE,TRUE,FALSE
TWM180719-006,ternarius,,W,3.188,15.235,FALSE,TRUE,TRUE,FALSE
TWM180719-007,ternarius,,W,3.818,15.256,FALSE,TRUE,TRUE,FALSE
TWM180724-001,vagans,cf rufocinctus,W,4.16,19.658,FALSE,TRUE,TRUE,FALSE
TWM180724-002,terricola,,M,4.082,20.204,FALSE,TRUE,TRUE,FALSE
TWM180724-003,borealis,cf fervidus (M),W,4.583,21.22,FALSE,TRUE,TRUE,FALSE
TWM180724-004,fervidus,cf fervidus (M),W,4.714,19.628,FALSE,TRUE,TRUE,FALSE
TWM180724-006,bimaculatus,,M,4.053,21.131,FALSE,TRUE,TRUE,FALSE
TWM180724-007,bimaculatus,,M,4.537,20.198,FALSE,TRUE,TRUE,FALSE
TWM180724-008,vagans,,M,3.614,15.837,FALSE,TRUE,TRUE,FALSE
TWM180724-009,cf perplexus,,M,4.716,18.534,FALSE,TRUE,TRUE,FALSE
TWM180724-010,bimaculatus,,W,3.85,17.795,FALSE,TRUE,TRUE,FALSE
TWM180724-011,terricola,,M,4.252,20.159,FALSE,TRUE,TRUE,FALSE
TWM180724-012,borealis,cf fervidus (M),W,5.224,20.783,FALSE,TRUE,TRUE,FALSE
TWM180724-013,vagans,,M,3.967,16.394,FALSE,TRUE,TRUE,FALSE
TWM180724-014,borealis,cf fervidus (M),M,4.47,21.408,FALSE,TRUE,TRUE,FALSE
TWM180724-015,vagans,,M,4.218,17.936,FALSE,TRUE,TRUE,FALSE
TWM180724-016,borealis,,M,5.451,20.789,FALSE,TRUE,TRUE,FALSE
TWM180724-017,borealis,,M,5.171,20.27,FALSE,TRUE,TRUE,FALSE
TWM180724-018,vagans,cf rufocinctus,W,3.605,17.782,FALSE,TRUE,TRUE,FALSE
TWM180724-019,vagans,cf rufocinctus,M,3.475,16.733,FALSE,TRUE,TRUE,FALSE
TWM180724-020,vagans,,W,4.129,17.254,FALSE,TRUE,TRUE,FALSE
TWM180724-021,cf,cf fervidus (M),M,3.997,19.669,FALSE,TRUE,TRUE,FALSE
TWM180724-022,vagans,cf rufocinctus,W,4.376,16.646,FALSE,TRUE,TRUE,FALSE
TWM180724-023,borealis,,M,4.177,22.594,FALSE,TRUE,TRUE,FALSE
TWM180724-024,borealis,cf fervidus (M),M,4.917,22.404,FALSE,TRUE,TRUE,FALSE
TWM180724-026,bimaculatus,,M,5.005,20.911,FALSE,TRUE,TRUE,FALSE
TWM180724-026b,,cf perplexus,W,NA,NA,FALSE,TRUE,TRUE,FALSE
TWM180724-027,borealis,borealis,W,4.964,20.928,TRUE,TRUE,TRUE,TRUE
TWM180724-028,ternarius,,W,3.668,14.588,FALSE,TRUE,TRUE,FALSE
TWM180731-001,bimaculatus,,M,4.341,18.807,FALSE,TRUE,TRUE,FALSE
TWM180731-002,impatiens,,W,NA,NA,FALSE,TRUE,TRUE,TRUE
TWM180731-003,impatiens,,W,3.652,17.009,FALSE,TRUE,TRUE,TRUE
TWM180731-004,impatiens,,W,3.779,16.184,FALSE,TRUE,TRUE,TRUE
TWM180731-008,bimaculatus,,M,4.097,17.454,FALSE,TRUE,TRUE,FALSE
TWM180802-002,vagans,,W,3.985,18.422,FALSE,TRUE,TRUE,TRUE
TWM180802-002b,vagans,,W,NA,NA,FALSE,TRUE,TRUE,FALSE
TWM180802-003,ternarius,,W,3.034703506,14.19946874,FALSE,TRUE,TRUE,FALSE
TWM180802-003b,vagans,,W,3.735,17.136,FALSE,TRUE,TRUE,FALSE
TWM180802-004,vagans,,M,3.579,14.586,FALSE,TRUE,TRUE,FALSE
TWM180802-005,ternarius,,W,3.721218335,15.494,FALSE,TRUE,TRUE,FALSE
TWM180802-006,borealis,,W,4.925,23.185,FALSE,TRUE,TRUE,TRUE
TWM180802-007,ternarius,,W,3.736,17.076,FALSE,TRUE,TRUE,FALSE
TWM180802-008,ternarius,,W,4.268,14.864,FALSE,TRUE,TRUE,FALSE
TWM180802-009,ternarius,,W,NA,16.616,FALSE,TRUE,TRUE,FALSE
TWM180802-010,ternarius,,W,3.254,14.384,FALSE,TRUE,TRUE,FALSE
TWM180808-003,borealis,,W,NA,NA,FALSE,TRUE,TRUE,FALSE
TWM180814-001,perplexus,cf perplexus,W,4.366,19.586,FALSE,TRUE,TRUE,FALSE
TWM180814-002,borealis,,W,4.934,20.144,FALSE,TRUE,TRUE,TRUE
TWM180814-003,borealis,borealis,W,4.327065606,16.35377318,TRUE,FALSE,FALSE,FALSE
TWM180814-004,perplexus,cf perplexus,M,4.169,19.753,FALSE,TRUE,FALSE,FALSE
TWM180814-014,vagans,,M,3.625,19.499,FALSE,TRUE,TRUE,FALSE
TWM180814-015,vagans,cf perplexus,W,4.649,19.922,FALSE,TRUE,TRUE,FALSE
TWM180814-016,impatiens,,W,4.827,18.687,FALSE,TRUE,TRUE,TRUE
TWM180814-017,ternarius,,W,3.837,14.921,FALSE,TRUE,TRUE,FALSE
TWM180814-018,ternarius,,W,2.946,15.82,FALSE,TRUE,TRUE,FALSE
TWM180824-005,borealis,,M,NA,NA,FALSE,TRUE,TRUE,FALSE
TWM180614-168,borealis,,W,NA,NA,FALSE,FALSE,TRUE,FALSE
TWM180626-001,vagans,,W,3.474102974,15.8429342,FALSE,FALSE,TRUE,FALSE
TWM180626-003,vagans,,W,NA,NA,FALSE,FALSE,TRUE,FALSE
DRA190720-004,vagans,,W,NA,NA,FALSE,FALSE,TRUE,FALSE
TWM180614-057,bimaculatus,,W,NA,NA,FALSE,FALSE,TRUE,FALSE